num_auto,bw_plate_tx,bw_plate_rx,ocr_txt_tx,bits_equal,bit_errors,bits_tx,bits_rx
1,dataset_yolo/autos_bw/auto001.png,data_21m/autos_bw/auto001_rep01.png,KOZ.808,False,7,[0 0 1 ... 0 0 0],[0 0 1 ... 0 0 0]
1,dataset_yolo/autos_bw/auto001.png,data_21m/autos_bw/auto001_rep02.png,KOZ.808,True,0,[0 0 1 ... 0 0 0],[0 0 1 ... 0 0 0]
1,dataset_yolo/autos_bw/auto001.png,data_21m/autos_bw/auto001_rep03.png,KOZ.808,True,0,[0 0 1 ... 0 0 0],[0 0 1 ... 0 0 0]
1,dataset_yolo/autos_bw/auto001.png,data_21m/autos_bw/auto001_rep04.png,KOZ.808,True,0,[0 0 1 ... 0 0 0],[0 0 1 ... 0 0 0]
1,dataset_yolo/autos_bw/auto001.png,data_21m/autos_bw/auto001_rep05.png,KOZ.808,True,0,[0 0 1 ... 0 0 0],[0 0 1 ... 0 0 0]
2,dataset_yolo/autos_bw/auto002.png,data_21m/autos_bw/auto002_rep01.png,MAU.096,True,0,[0 0 0 ... 0 0 0],[0 0 0 ... 0 0 0]
2,dataset_yolo/autos_bw/auto002.png,data_21m/autos_bw/auto002_rep02.png,MAU.096,True,0,[0 0 0 ... 0 0 0],[0 0 0 ... 0 0 0]
2,dataset_yolo/autos_bw/auto002.png,data_21m/autos_bw/auto002_rep03.png,MAU.096,True,0,[0 0 0 ... 0 0 0],[0 0 0 ... 0 0 0]
2,dataset_yolo/autos_bw/auto002.png,data_21m/autos_bw/auto002_rep04.png,MAU.096,True,0,[0 0 0 ... 0 0 0],[0 0 0 ... 0 0 0]
2,dataset_yolo/autos_bw/auto002.png,data_21m/autos_bw/auto002_rep05.png,MAU.096,True,0,[0 0 0 ... 0 0 0],[0 0 0 ... 0 0 0]
2,dataset_yolo/autos_bw/auto002.png,data_21m/autos_bw/auto002_rep06.png,MAU.096,False,1,[0 0 0 ... 0 0 0],[0 0 0 ... 0 0 0]
3,dataset_yolo/autos_bw/auto003.png,data_21m/autos_bw/auto003_rep01.png,URO 387,False,3,[0 0 0 ... 0 0 1],[0 0 0 ... 0 0 1]
3,dataset_yolo/autos_bw/auto003.png,data_21m/autos_bw/auto003_rep02.png,URO 387,False,1,[0 0 0 ... 0 0 1],[0 0 0 ... 0 0 1]
3,dataset_yolo/autos_bw/auto003.png,data_21m/autos_bw/auto003_rep03.png,URO 387,True,0,[0 0 0 ... 0 0 1],[0 0 0 ... 0 0 1]
3,dataset_yolo/autos_bw/auto003.png,data_21m/autos_bw/auto003_rep04.png,URO 387,True,0,[0 0 0 ... 0 0 1],[0 0 0 ... 0 0 1]
3,dataset_yolo/autos_bw/auto003.png,data_21m/autos_bw/auto003_rep05.png,URO 387,True,0,[0 0 0 ... 0 0 1],[0 0 0 ... 0 0 1]
3,dataset_yolo/autos_bw/auto003.png,data_21m/autos_bw/auto003_rep06.png,URO 387,True,0,[0 0 0 ... 0 0 1],[0 0 0 ... 0 0 1]
3,dataset_yolo/autos_bw/auto003.png,data_21m/autos_bw/auto003_rep07.png,URO 387,True,0,[0 0 0 ... 0 0 1],[0 0 0 ... 0 0 1]
3,dataset_yolo/autos_bw/auto003.png,data_21m/autos_bw/auto003_rep08.png,URO 387,True,0,[0 0 0 ... 0 0 1],[0 0 0 ... 0 0 1]
3,dataset_yolo/autos_bw/auto003.png,data_21m/autos_bw/auto003_rep09.png,URO 387,True,0,[0 0 0 ... 0 0 1],[0 0 0 ... 0 0 1]
3,dataset_yolo/autos_bw/auto003.png,data_21m/autos_bw/auto003_rep10.png,URO 387,True,0,[0 0 0 ... 0 0 1],[0 0 0 ... 0 0 1]
3,dataset_yolo/autos_bw/auto003.png,data_21m/autos_bw/auto003_rep11.png,URO 387,True,0,[0 0 0 ... 0 0 1],[0 0 0 ... 0 0 1]
3,dataset_yolo/autos_bw/auto003.png,data_21m/autos_bw/auto003_rep12.png,URO 387,False,2,[0 0 0 ... 0 0 1],[0 0 0 ... 0 0 1]
4,dataset_yolo/autos_bw/auto004.png,data_21m/autos_bw/auto004_rep01.png,RLO 6561,False,9,[1 0 1 ... 0 0 0],[1 0 1 ... 0 0 0]
4,dataset_yolo/autos_bw/auto004.png,data_21m/autos_bw/auto004_rep02.png,RLO 6561,True,0,[1 0 1 ... 0 0 0],[1 0 1 ... 0 0 0]
4,dataset_yolo/autos_bw/auto004.png,data_21m/autos_bw/auto004_rep03.png,RLO 6561,True,0,[1 0 1 ... 0 0 0],[1 0 1 ... 0 0 0]
5,dataset_yolo/autos_bw/auto005.png,data_21m/autos_bw/auto005_rep01.png,PCN 831,False,1,[0 0 0 ... 0 0 1],[0 0 0 ... 0 0 1]
5,dataset_yolo/autos_bw/auto005.png,data_21m/autos_bw/auto005_rep02.png,PCN 831,True,0,[0 0 0 ... 0 0 1],[0 0 0 ... 0 0 1]
5,dataset_yolo/autos_bw/auto005.png,data_21m/autos_bw/auto005_rep03.png,PCN 831,True,0,[0 0 0 ... 0 0 1],[0 0 0 ... 0 0 1]
5,dataset_yolo/autos_bw/auto005.png,data_21m/autos_bw/auto005_rep04.png,PCN 831,True,0,[0 0 0 ... 0 0 1],[0 0 0 ... 0 0 1]
5,dataset_yolo/autos_bw/auto005.png,data_21m/autos_bw/auto005_rep05.png,PCN 831,True,0,[0 0 0 ... 0 0 1],[0 0 0 ... 0 0 1]
5,dataset_yolo/autos_bw/auto005.png,data_21m/autos_bw/auto005_rep06.png,PCN 831,True,0,[0 0 0 ... 0 0 1],[0 0 0 ... 0 0 1]
5,dataset_yolo/autos_bw/auto005.png,data_21m/autos_bw/auto005_rep07.png,PCN 831,False,1,[0 0 0 ... 0 0 1],[0 0 0 ... 0 0 1]
5,dataset_yolo/autos_bw/auto005.png,data_21m/autos_bw/auto005_rep08.png,PCN 831,False,1,[0 0 0 ... 0 0 1],[0 0 0 ... 0 0 1]
5,dataset_yolo/autos_bw/auto005.png,data_21m/autos_bw/auto005_rep09.png,PCN 831,False,1,[0 0 0 ... 0 0 1],[0 0 0 ... 0 0 1]
6,dataset_yolo/autos_bw/auto006.png,data_21m/autos_bw/auto006_rep01.png,FNU 056,False,6,[0 0 0 ... 1 1 1],[0 0 0 ... 1 1 1]
6,dataset_yolo/autos_bw/auto006.png,data_21m/autos_bw/auto006_rep02.png,FNU 056,False,5,[0 0 0 ... 1 1 1],[0 0 0 ... 1 1 1]
6,dataset_yolo/autos_bw/auto006.png,data_21m/autos_bw/auto006_rep03.png,FNU 056,False,3,[0 0 0 ... 1 1 1],[0 0 0 ... 1 1 1]
6,dataset_yolo/autos_bw/auto006.png,data_21m/autos_bw/auto006_rep04.png,FNU 056,False,3,[0 0 0 ... 1 1 1],[0 0 0 ... 1 1 1]
6,dataset_yolo/autos_bw/auto006.png,data_21m/autos_bw/auto006_rep05.png,FNU 056,False,1,[0 0 0 ... 1 1 1],[0 0 0 ... 1 1 1]
6,dataset_yolo/autos_bw/auto006.png,data_21m/autos_bw/auto006_rep06.png,FNU 056,False,1,[0 0 0 ... 1 1 1],[0 0 0 ... 1 1 1]
6,dataset_yolo/autos_bw/auto006.png,data_21m/autos_bw/auto006_rep07.png,FNU 056,True,0,[0 0 0 ... 1 1 1],[0 0 0 ... 1 1 1]
6,dataset_yolo/autos_bw/auto006.png,data_21m/autos_bw/auto006_rep08.png,FNU 056,False,1,[0 0 0 ... 1 1 1],[0 0 0 ... 1 1 1]
6,dataset_yolo/autos_bw/auto006.png,data_21m/autos_bw/auto006_rep09.png,FNU 056,False,2,[0 0 0 ... 1 1 1],[0 0 0 ... 1 1 1]
6,dataset_yolo/autos_bw/auto006.png,data_21m/autos_bw/auto006_rep10.png,FNU 056,False,2,[0 0 0 ... 1 1 1],[0 0 0 ... 1 1 1]
6,dataset_yolo/autos_bw/auto006.png,data_21m/autos_bw/auto006_rep11.png,FNU 056,False,3,[0 0 0 ... 1 1 1],[0 0 0 ... 1 1 1]
7,dataset_yolo/autos_bw/auto007.png,data_21m/autos_bw/auto007_rep01.png,BNH 4351,True,0,[0 0 0 ... 0 0 0],[0 0 0 ... 0 0 0]
128,dataset_yolo/autos_bw/auto128.png,data_21m/autos_bw/auto128_rep01.png,LPo806,False,904,[0 0 0 ... 1 1 0],[0 0 0 ... 0 0 0]
64,dataset_yolo/autos_bw/auto064.png,data_21m/autos_bw/auto064_rep01.png,DDX699,False,750,[1 0 1 ... 0 0 0],[1 1 0 ... 0 0 0]
128,dataset_yolo/autos_bw/auto128.png,data_21m/autos_bw/auto128_rep02.png,LPo806,False,904,[0 0 0 ... 1 1 0],[0 0 0 ... 0 0 0]
128,dataset_yolo/autos_bw/auto128.png,data_21m/autos_bw/auto128_rep03.png,LPo806,False,903,[0 0 0 ... 1 1 0],[0 0 0 ... 0 0 0]
8,dataset_yolo/autos_bw/auto008.png,data_21m/autos_bw/auto008_rep01.png,IIv 310,True,0,[0 0 0 ... 1 1 1],[0 0 0 ... 1 1 1]
8,dataset_yolo/autos_bw/auto008.png,data_21m/autos_bw/auto008_rep02.png,IIv 310,True,0,[0 0 0 ... 1 1 1],[0 0 0 ... 1 1 1]
8,dataset_yolo/autos_bw/auto008.png,data_21m/autos_bw/auto008_rep03.png,IIv 310,True,0,[0 0 0 ... 1 1 1],[0 0 0 ... 1 1 1]
8,dataset_yolo/autos_bw/auto008.png,data_21m/autos_bw/auto008_rep04.png,IIv 310,True,0,[0 0 0 ... 1 1 1],[0 0 0 ... 1 1 1]
8,dataset_yolo/autos_bw/auto008.png,data_21m/autos_bw/auto008_rep05.png,IIv 310,True,0,[0 0 0 ... 1 1 1],[0 0 0 ... 1 1 1]
8,dataset_yolo/autos_bw/auto008.png,data_21m/autos_bw/auto008_rep06.png,IIv 310,True,0,[0 0 0 ... 1 1 1],[0 0 0 ... 1 1 1]
8,dataset_yolo/autos_bw/auto008.png,data_21m/autos_bw/auto008_rep07.png,IIv 310,True,0,[0 0 0 ... 1 1 1],[0 0 0 ... 1 1 1]
8,dataset_yolo/autos_bw/auto008.png,data_21m/autos_bw/auto008_rep08.png,IIv 310,True,0,[0 0 0 ... 1 1 1],[0 0 0 ... 1 1 1]
8,dataset_yolo/autos_bw/auto008.png,data_21m/autos_bw/auto008_rep09.png,IIv 310,True,0,[0 0 0 ... 1 1 1],[0 0 0 ... 1 1 1]
8,dataset_yolo/autos_bw/auto008.png,data_21m/autos_bw/auto008_rep10.png,IIv 310,True,0,[0 0 0 ... 1 1 1],[0 0 0 ... 1 1 1]
8,dataset_yolo/autos_bw/auto008.png,data_21m/autos_bw/auto008_rep11.png,IIv 310,True,0,[0 0 0 ... 1 1 1],[0 0 0 ... 1 1 1]
8,dataset_yolo/autos_bw/auto008.png,data_21m/autos_bw/auto008_rep12.png,IIv 310,True,0,[0 0 0 ... 1 1 1],[0 0 0 ... 1 1 1]
9,dataset_yolo/autos_bw/auto009.png,data_21m/autos_bw/auto009_rep01.png,PAY581,False,6,[0 0 0 ... 1 1 1],[0 0 0 ... 1 1 1]
9,dataset_yolo/autos_bw/auto009.png,data_21m/autos_bw/auto009_rep02.png,PAY581,False,5,[0 0 0 ... 1 1 1],[0 0 0 ... 1 1 1]
9,dataset_yolo/autos_bw/auto009.png,data_21m/autos_bw/auto009_rep03.png,PAY581,False,5,[0 0 0 ... 1 1 1],[0 0 0 ... 1 1 1]
9,dataset_yolo/autos_bw/auto009.png,data_21m/autos_bw/auto009_rep04.png,PAY581,False,5,[0 0 0 ... 1 1 1],[0 0 0 ... 1 1 1]
9,dataset_yolo/autos_bw/auto009.png,data_21m/autos_bw/auto009_rep05.png,PAY581,False,5,[0 0 0 ... 1 1 1],[0 0 0 ... 1 1 1]
9,dataset_yolo/autos_bw/auto009.png,data_21m/autos_bw/auto009_rep06.png,PAY581,False,5,[0 0 0 ... 1 1 1],[0 0 0 ... 1 1 1]
9,dataset_yolo/autos_bw/auto009.png,data_21m/autos_bw/auto009_rep07.png,PAY581,False,5,[0 0 0 ... 1 1 1],[0 0 0 ... 1 1 1]
9,dataset_yolo/autos_bw/auto009.png,data_21m/autos_bw/auto009_rep08.png,PAY581,False,5,[0 0 0 ... 1 1 1],[0 0 0 ... 1 1 1]
9,dataset_yolo/autos_bw/auto009.png,data_21m/autos_bw/auto009_rep09.png,PAY581,False,5,[0 0 0 ... 1 1 1],[0 0 0 ... 1 1 1]
10,dataset_yolo/autos_bw/auto010.png,data_21m/autos_bw/auto010_rep01.png,EJM 607,False,4,[0 0 0 ... 1 1 1],[0 0 0 ... 1 1 1]
10,dataset_yolo/autos_bw/auto010.png,data_21m/autos_bw/auto010_rep02.png,EJM 607,False,4,[0 0 0 ... 1 1 1],[0 0 0 ... 1 1 1]
11,dataset_yolo/autos_bw/auto011.png,data_21m/autos_bw/auto011_rep01.png,HGR-959,True,0,[0 0 0 ... 1 0 0],[0 0 0 ... 1 0 0]
11,dataset_yolo/autos_bw/auto011.png,data_21m/autos_bw/auto011_rep02.png,HGR-959,True,0,[0 0 0 ... 1 0 0],[0 0 0 ... 1 0 0]
11,dataset_yolo/autos_bw/auto011.png,data_21m/autos_bw/auto011_rep03.png,HGR-959,True,0,[0 0 0 ... 1 0 0],[0 0 0 ... 1 0 0]
11,dataset_yolo/autos_bw/auto011.png,data_21m/autos_bw/auto011_rep04.png,HGR-959,True,0,[0 0 0 ... 1 0 0],[0 0 0 ... 1 0 0]
11,dataset_yolo/autos_bw/auto011.png,data_21m/autos_bw/auto011_rep05.png,HGR-959,True,0,[0 0 0 ... 1 0 0],[0 0 0 ... 1 0 0]
11,dataset_yolo/autos_bw/auto011.png,data_21m/autos_bw/auto011_rep06.png,HGR-959,True,0,[0 0 0 ... 1 0 0],[0 0 0 ... 1 0 0]
11,dataset_yolo/autos_bw/auto011.png,data_21m/autos_bw/auto011_rep07.png,HGR-959,True,0,[0 0 0 ... 1 0 0],[0 0 0 ... 1 0 0]
11,dataset_yolo/autos_bw/auto011.png,data_21m/autos_bw/auto011_rep08.png,HGR-959,True,0,[0 0 0 ... 1 0 0],[0 0 0 ... 1 0 0]
11,dataset_yolo/autos_bw/auto011.png,data_21m/autos_bw/auto011_rep09.png,HGR-959,True,0,[0 0 0 ... 1 0 0],[0 0 0 ... 1 0 0]
11,dataset_yolo/autos_bw/auto011.png,data_21m/autos_bw/auto011_rep10.png,HGR-959,True,0,[0 0 0 ... 1 0 0],[0 0 0 ... 1 0 0]
12,dataset_yolo/autos_bw/auto012.png,data_21m/autos_bw/auto012_rep01.png,KHT 439,True,0,[0 0 0 ... 0 0 1],[0 0 0 ... 0 0 1]
12,dataset_yolo/autos_bw/auto012.png,data_21m/autos_bw/auto012_rep02.png,KHT 439,True,0,[0 0 0 ... 0 0 1],[0 0 0 ... 0 0 1]
12,dataset_yolo/autos_bw/auto012.png,data_21m/autos_bw/auto012_rep03.png,KHT 439,True,0,[0 0 0 ... 0 0 1],[0 0 0 ... 0 0 1]
12,dataset_yolo/autos_bw/auto012.png,data_21m/autos_bw/auto012_rep04.png,KHT 439,True,0,[0 0 0 ... 0 0 1],[0 0 0 ... 0 0 1]
12,dataset_yolo/autos_bw/auto012.png,data_21m/autos_bw/auto012_rep05.png,KHT 439,True,0,[0 0 0 ... 0 0 1],[0 0 0 ... 0 0 1]
12,dataset_yolo/autos_bw/auto012.png,data_21m/autos_bw/auto012_rep06.png,KHT 439,True,0,[0 0 0 ... 0 0 1],[0 0 0 ... 0 0 1]
12,dataset_yolo/autos_bw/auto012.png,data_21m/autos_bw/auto012_rep07.png,KHT 439,True,0,[0 0 0 ... 0 0 1],[0 0 0 ... 0 0 1]
13,dataset_yolo/autos_bw/auto013.png,data_21m/autos_bw/auto013_rep01.png,LZS 202,True,0,[1 1 1 ... 0 0 0],[1 1 1 ... 0 0 0]
13,dataset_yolo/autos_bw/auto013.png,data_21m/autos_bw/auto013_rep02.png,LZS 202,True,0,[1 1 1 ... 0 0 0],[1 1 1 ... 0 0 0]
13,dataset_yolo/autos_bw/auto013.png,data_21m/autos_bw/auto013_rep03.png,LZS 202,True,0,[1 1 1 ... 0 0 0],[1 1 1 ... 0 0 0]
13,dataset_yolo/autos_bw/auto013.png,data_21m/autos_bw/auto013_rep04.png,LZS 202,True,0,[1 1 1 ... 0 0 0],[1 1 1 ... 0 0 0]
64,dataset_yolo/autos_bw/auto064.png,data_21m/autos_bw/auto064_rep02.png,DDX699,False,793,[1 0 1 ... 0 0 0],[0 0 0 ... 0 0 0]
64,dataset_yolo/autos_bw/auto064.png,data_21m/autos_bw/auto064_rep03.png,DDX699,False,793,[1 0 1 ... 0 0 0],[0 0 0 ... 0 0 0]
64,dataset_yolo/autos_bw/auto064.png,data_21m/autos_bw/auto064_rep04.png,DDX699,False,792,[1 0 1 ... 0 0 0],[0 0 0 ... 0 0 0]
14,dataset_yolo/autos_bw/auto014.png,data_21m/autos_bw/auto014_rep01.png,CCU 1081,False,1,[0 0 0 ... 0 0 0],[0 0 0 ... 0 0 0]
14,dataset_yolo/autos_bw/auto014.png,data_21m/autos_bw/auto014_rep02.png,CCU 1081,True,0,[0 0 0 ... 0 0 0],[0 0 0 ... 0 0 0]
14,dataset_yolo/autos_bw/auto014.png,data_21m/autos_bw/auto014_rep03.png,CCU 1081,True,0,[0 0 0 ... 0 0 0],[0 0 0 ... 0 0 0]
14,dataset_yolo/autos_bw/auto014.png,data_21m/autos_bw/auto014_rep04.png,CCU 1081,True,0,[0 0 0 ... 0 0 0],[0 0 0 ... 0 0 0]
14,dataset_yolo/autos_bw/auto014.png,data_21m/autos_bw/auto014_rep05.png,CCU 1081,True,0,[0 0 0 ... 0 0 0],[0 0 0 ... 0 0 0]
14,dataset_yolo/autos_bw/auto014.png,data_21m/autos_bw/auto014_rep06.png,CCU 1081,True,0,[0 0 0 ... 0 0 0],[0 0 0 ... 0 0 0]
14,dataset_yolo/autos_bw/auto014.png,data_21m/autos_bw/auto014_rep07.png,CCU 1081,True,0,[0 0 0 ... 0 0 0],[0 0 0 ... 0 0 0]
14,dataset_yolo/autos_bw/auto014.png,data_21m/autos_bw/auto014_rep08.png,CCU 1081,True,0,[0 0 0 ... 0 0 0],[0 0 0 ... 0 0 0]
14,dataset_yolo/autos_bw/auto014.png,data_21m/autos_bw/auto014_rep09.png,CCU 1081,True,0,[0 0 0 ... 0 0 0],[0 0 0 ... 0 0 0]
14,dataset_yolo/autos_bw/auto014.png,data_21m/autos_bw/auto014_rep10.png,CCU 1081,True,0,[0 0 0 ... 0 0 0],[0 0 0 ... 0 0 0]
64,dataset_yolo/autos_bw/auto064.png,data_21m/autos_bw/auto064_rep05.png,DDX699,False,791,[1 0 1 ... 0 0 0],[0 0 0 ... 0 0 0]
64,dataset_yolo/autos_bw/auto064.png,data_21m/autos_bw/auto064_rep06.png,DDX699,False,791,[1 0 1 ... 0 0 0],[0 0 0 ... 0 0 0]
64,dataset_yolo/autos_bw/auto064.png,data_21m/autos_bw/auto064_rep07.png,DDX699,False,790,[1 0 1 ... 0 0 0],[0 0 0 ... 0 0 0]
64,dataset_yolo/autos_bw/auto064.png,data_21m/autos_bw/auto064_rep08.png,DDX699,False,789,[1 0 1 ... 0 0 0],[0 0 0 ... 0 0 0]
15,dataset_yolo/autos_bw/auto015.png,data_21m/autos_bw/auto015_rep01.png,447,True,0,[1 1 1 ... 0 1 1],[1 1 1 ... 0 1 1]
15,dataset_yolo/autos_bw/auto015.png,data_21m/autos_bw/auto015_rep02.png,447,True,0,[1 1 1 ... 0 1 1],[1 1 1 ... 0 1 1]
15,dataset_yolo/autos_bw/auto015.png,data_21m/autos_bw/auto015_rep03.png,447,True,0,[1 1 1 ... 0 1 1],[1 1 1 ... 0 1 1]
15,dataset_yolo/autos_bw/auto015.png,data_21m/autos_bw/auto015_rep04.png,447,True,0,[1 1 1 ... 0 1 1],[1 1 1 ... 0 1 1]
15,dataset_yolo/autos_bw/auto015.png,data_21m/autos_bw/auto015_rep05.png,447,True,0,[1 1 1 ... 0 1 1],[1 1 1 ... 0 1 1]
15,dataset_yolo/autos_bw/auto015.png,data_21m/autos_bw/auto015_rep06.png,447,True,0,[1 1 1 ... 0 1 1],[1 1 1 ... 0 1 1]
15,dataset_yolo/autos_bw/auto015.png,data_21m/autos_bw/auto015_rep07.png,447,True,0,[1 1 1 ... 0 1 1],[1 1 1 ... 0 1 1]
16,dataset_yolo/autos_bw/auto016.png,data_21m/autos_bw/auto016_rep01.png,DAt:770,True,0,[1 1 1 ... 0 0 0],[1 1 1 ... 0 0 0]
16,dataset_yolo/autos_bw/auto016.png,data_21m/autos_bw/auto016_rep02.png,DAt:770,True,0,[1 1 1 ... 0 0 0],[1 1 1 ... 0 0 0]
16,dataset_yolo/autos_bw/auto016.png,data_21m/autos_bw/auto016_rep03.png,DAt:770,True,0,[1 1 1 ... 0 0 0],[1 1 1 ... 0 0 0]
16,dataset_yolo/autos_bw/auto016.png,data_21m/autos_bw/auto016_rep04.png,DAt:770,True,0,[1 1 1 ... 0 0 0],[1 1 1 ... 0 0 0]
16,dataset_yolo/autos_bw/auto016.png,data_21m/autos_bw/auto016_rep05.png,DAt:770,True,0,[1 1 1 ... 0 0 0],[1 1 1 ... 0 0 0]
16,dataset_yolo/autos_bw/auto016.png,data_21m/autos_bw/auto016_rep06.png,DAt:770,False,1,[1 1 1 ... 0 0 0],[1 1 1 ... 0 0 0]
17,dataset_yolo/autos_bw/auto017.png,data_21m/autos_bw/auto017_rep01.png,JLY-629,False,2,[1 1 1 ... 0 1 1],[1 1 1 ... 0 1 1]
17,dataset_yolo/autos_bw/auto017.png,data_21m/autos_bw/auto017_rep02.png,JLY-629,False,1,[1 1 1 ... 0 1 1],[1 1 1 ... 0 1 1]
17,dataset_yolo/autos_bw/auto017.png,data_21m/autos_bw/auto017_rep03.png,JLY-629,True,0,[1 1 1 ... 0 1 1],[1 1 1 ... 0 1 1]
17,dataset_yolo/autos_bw/auto017.png,data_21m/autos_bw/auto017_rep04.png,JLY-629,True,0,[1 1 1 ... 0 1 1],[1 1 1 ... 0 1 1]
17,dataset_yolo/autos_bw/auto017.png,data_21m/autos_bw/auto017_rep05.png,JLY-629,False,1,[1 1 1 ... 0 1 1],[1 1 1 ... 0 1 1]
17,dataset_yolo/autos_bw/auto017.png,data_21m/autos_bw/auto017_rep06.png,JLY-629,True,0,[1 1 1 ... 0 1 1],[1 1 1 ... 0 1 1]
17,dataset_yolo/autos_bw/auto017.png,data_21m/autos_bw/auto017_rep07.png,JLY-629,False,1,[1 1 1 ... 0 1 1],[1 1 1 ... 0 1 1]
17,dataset_yolo/autos_bw/auto017.png,data_21m/autos_bw/auto017_rep08.png,JLY-629,False,1,[1 1 1 ... 0 1 1],[1 1 1 ... 0 1 1]
17,dataset_yolo/autos_bw/auto017.png,data_21m/autos_bw/auto017_rep09.png,JLY-629,False,1,[1 1 1 ... 0 1 1],[1 1 1 ... 0 1 1]
17,dataset_yolo/autos_bw/auto017.png,data_21m/autos_bw/auto017_rep10.png,JLY-629,False,1,[1 1 1 ... 0 1 1],[1 1 1 ... 0 1 1]
17,dataset_yolo/autos_bw/auto017.png,data_21m/autos_bw/auto017_rep11.png,JLY-629,False,3,[1 1 1 ... 0 1 1],[1 1 1 ... 0 1 1]
17,dataset_yolo/autos_bw/auto017.png,data_21m/autos_bw/auto017_rep12.png,JLY-629,False,3,[1 1 1 ... 0 1 1],[1 1 1 ... 0 1 1]
18,dataset_yolo/autos_bw/auto018.png,data_21m/autos_bw/auto018_rep01.png,NBV 597,False,7,[0 0 0 ... 0 0 0],[0 0 0 ... 0 0 0]
18,dataset_yolo/autos_bw/auto018.png,data_21m/autos_bw/auto018_rep02.png,NBV 597,False,6,[0 0 0 ... 0 0 0],[0 0 0 ... 0 0 0]
19,dataset_yolo/autos_bw/auto019.png,data_21m/autos_bw/auto019_rep01.png,JXZ 668,True,0,[1 0 0 ... 1 1 1],[1 0 0 ... 1 1 1]
19,dataset_yolo/autos_bw/auto019.png,data_21m/autos_bw/auto019_rep02.png,JXZ 668,True,0,[1 0 0 ... 1 1 1],[1 0 0 ... 1 1 1]
19,dataset_yolo/autos_bw/auto019.png,data_21m/autos_bw/auto019_rep03.png,JXZ 668,True,0,[1 0 0 ... 1 1 1],[1 0 0 ... 1 1 1]
19,dataset_yolo/autos_bw/auto019.png,data_21m/autos_bw/auto019_rep04.png,JXZ 668,True,0,[1 0 0 ... 1 1 1],[1 0 0 ... 1 1 1]
19,dataset_yolo/autos_bw/auto019.png,data_21m/autos_bw/auto019_rep05.png,JXZ 668,True,0,[1 0 0 ... 1 1 1],[1 0 0 ... 1 1 1]
19,dataset_yolo/autos_bw/auto019.png,data_21m/autos_bw/auto019_rep06.png,JXZ 668,True,0,[1 0 0 ... 1 1 1],[1 0 0 ... 1 1 1]
19,dataset_yolo/autos_bw/auto019.png,data_21m/autos_bw/auto019_rep07.png,JXZ 668,True,0,[1 0 0 ... 1 1 1],[1 0 0 ... 1 1 1]
19,dataset_yolo/autos_bw/auto019.png,data_21m/autos_bw/auto019_rep08.png,JXZ 668,True,0,[1 0 0 ... 1 1 1],[1 0 0 ... 1 1 1]
19,dataset_yolo/autos_bw/auto019.png,data_21m/autos_bw/auto019_rep09.png,JXZ 668,False,1,[1 0 0 ... 1 1 1],[1 0 0 ... 1 1 1]
20,dataset_yolo/autos_bw/auto020.png,data_21m/autos_bw/auto020_rep01.png,RAU:2371,True,0,[0 0 0 ... 1 1 1],[0 0 0 ... 1 1 1]
20,dataset_yolo/autos_bw/auto020.png,data_21m/autos_bw/auto020_rep02.png,RAU:2371,True,0,[0 0 0 ... 1 1 1],[0 0 0 ... 1 1 1]
20,dataset_yolo/autos_bw/auto020.png,data_21m/autos_bw/auto020_rep03.png,RAU:2371,True,0,[0 0 0 ... 1 1 1],[0 0 0 ... 1 1 1]
20,dataset_yolo/autos_bw/auto020.png,data_21m/autos_bw/auto020_rep04.png,RAU:2371,True,0,[0 0 0 ... 1 1 1],[0 0 0 ... 1 1 1]
20,dataset_yolo/autos_bw/auto020.png,data_21m/autos_bw/auto020_rep05.png,RAU:2371,True,0,[0 0 0 ... 1 1 1],[0 0 0 ... 1 1 1]
20,dataset_yolo/autos_bw/auto020.png,data_21m/autos_bw/auto020_rep06.png,RAU:2371,True,0,[0 0 0 ... 1 1 1],[0 0 0 ... 1 1 1]
20,dataset_yolo/autos_bw/auto020.png,data_21m/autos_bw/auto020_rep07.png,RAU:2371,True,0,[0 0 0 ... 1 1 1],[0 0 0 ... 1 1 1]
20,dataset_yolo/autos_bw/auto020.png,data_21m/autos_bw/auto020_rep08.png,RAU:2371,True,0,[0 0 0 ... 1 1 1],[0 0 0 ... 1 1 1]
21,dataset_yolo/autos_bw/auto021.png,data_21m/autos_bw/auto021_rep01.png,MKN.538,True,0,[0 0 0 ... 0 0 0],[0 0 0 ... 0 0 0]
20,dataset_yolo/autos_bw/auto020.png,data_21m/autos_bw/auto020_rep09.png,RAU:2371,False,846,[0 0 0 ... 1 1 1],[0 0 0 ... 0 0 0]
20,dataset_yolo/autos_bw/auto020.png,data_21m/autos_bw/auto020_rep10.png,RAU:2371,False,847,[0 0 0 ... 1 1 1],[0 0 0 ... 0 0 0]
22,dataset_yolo/autos_bw/auto022.png,data_21m/autos_bw/auto022_rep01.png,DBU 310,False,1,[0 0 0 ... 0 1 1],[0 0 0 ... 0 1 1]
22,dataset_yolo/autos_bw/auto022.png,data_21m/autos_bw/auto022_rep02.png,DBU 310,True,0,[0 0 0 ... 0 1 1],[0 0 0 ... 0 1 1]
22,dataset_yolo/autos_bw/auto022.png,data_21m/autos_bw/auto022_rep03.png,DBU 310,False,1,[0 0 0 ... 0 1 1],[0 0 0 ... 0 1 1]
22,dataset_yolo/autos_bw/auto022.png,data_21m/autos_bw/auto022_rep04.png,DBU 310,True,0,[0 0 0 ... 0 1 1],[0 0 0 ... 0 1 1]
22,dataset_yolo/autos_bw/auto022.png,data_21m/autos_bw/auto022_rep05.png,DBU 310,True,0,[0 0 0 ... 0 1 1],[0 0 0 ... 0 1 1]
22,dataset_yolo/autos_bw/auto022.png,data_21m/autos_bw/auto022_rep06.png,DBU 310,True,0,[0 0 0 ... 0 1 1],[0 0 0 ... 0 1 1]
22,dataset_yolo/autos_bw/auto022.png,data_21m/autos_bw/auto022_rep07.png,DBU 310,True,0,[0 0 0 ... 0 1 1],[0 0 0 ... 0 1 1]
22,dataset_yolo/autos_bw/auto022.png,data_21m/autos_bw/auto022_rep08.png,DBU 310,True,0,[0 0 0 ... 0 1 1],[0 0 0 ... 0 1 1]
22,dataset_yolo/autos_bw/auto022.png,data_21m/autos_bw/auto022_rep09.png,DBU 310,False,1,[0 0 0 ... 0 1 1],[0 0 0 ... 0 1 1]
22,dataset_yolo/autos_bw/auto022.png,data_21m/autos_bw/auto022_rep10.png,DBU 310,False,1,[0 0 0 ... 0 1 1],[0 0 0 ... 0 1 1]
22,dataset_yolo/autos_bw/auto022.png,data_21m/autos_bw/auto022_rep11.png,DBU 310,False,2,[0 0 0 ... 0 1 1],[0 0 0 ... 0 1 1]
22,dataset_yolo/autos_bw/auto022.png,data_21m/autos_bw/auto022_rep12.png,DBU 310,False,2,[0 0 0 ... 0 1 1],[0 0 0 ... 0 1 1]
23,dataset_yolo/autos_bw/auto023.png,data_21m/autos_bw/auto023_rep01.png,Zz0.409,True,0,[0 0 0 ... 0 0 0],[0 0 0 ... 0 0 0]
23,dataset_yolo/autos_bw/auto023.png,data_21m/autos_bw/auto023_rep02.png,Zz0.409,True,0,[0 0 0 ... 0 0 0],[0 0 0 ... 0 0 0]
23,dataset_yolo/autos_bw/auto023.png,data_21m/autos_bw/auto023_rep03.png,Zz0.409,True,0,[0 0 0 ... 0 0 0],[0 0 0 ... 0 0 0]
23,dataset_yolo/autos_bw/auto023.png,data_21m/autos_bw/auto023_rep04.png,Zz0.409,True,0,[0 0 0 ... 0 0 0],[0 0 0 ... 0 0 0]
23,dataset_yolo/autos_bw/auto023.png,data_21m/autos_bw/auto023_rep05.png,Zz0.409,True,0,[0 0 0 ... 0 0 0],[0 0 0 ... 0 0 0]
23,dataset_yolo/autos_bw/auto023.png,data_21m/autos_bw/auto023_rep06.png,Zz0.409,True,0,[0 0 0 ... 0 0 0],[0 0 0 ... 0 0 0]
23,dataset_yolo/autos_bw/auto023.png,data_21m/autos_bw/auto023_rep07.png,Zz0.409,True,0,[0 0 0 ... 0 0 0],[0 0 0 ... 0 0 0]
24,dataset_yolo/autos_bw/auto024.png,data_21m/autos_bw/auto024_rep01.png,ULK,True,0,[0 0 0 ... 0 0 0],[0 0 0 ... 0 0 0]
24,dataset_yolo/autos_bw/auto024.png,data_21m/autos_bw/auto024_rep02.png,ULK,True,0,[0 0 0 ... 0 0 0],[0 0 0 ... 0 0 0]
24,dataset_yolo/autos_bw/auto024.png,data_21m/autos_bw/auto024_rep03.png,ULK,True,0,[0 0 0 ... 0 0 0],[0 0 0 ... 0 0 0]
24,dataset_yolo/autos_bw/auto024.png,data_21m/autos_bw/auto024_rep04.png,ULK,True,0,[0 0 0 ... 0 0 0],[0 0 0 ... 0 0 0]
25,dataset_yolo/autos_bw/auto025.png,data_21m/autos_bw/auto025_rep01.png,NYV 513,True,0,[0 0 0 ... 1 1 1],[0 0 0 ... 1 1 1]
25,dataset_yolo/autos_bw/auto025.png,data_21m/autos_bw/auto025_rep02.png,NYV 513,True,0,[0 0 0 ... 1 1 1],[0 0 0 ... 1 1 1]
25,dataset_yolo/autos_bw/auto025.png,data_21m/autos_bw/auto025_rep03.png,NYV 513,True,0,[0 0 0 ... 1 1 1],[0 0 0 ... 1 1 1]
25,dataset_yolo/autos_bw/auto025.png,data_21m/autos_bw/auto025_rep04.png,NYV 513,True,0,[0 0 0 ... 1 1 1],[0 0 0 ... 1 1 1]
25,dataset_yolo/autos_bw/auto025.png,data_21m/autos_bw/auto025_rep05.png,NYV 513,True,0,[0 0 0 ... 1 1 1],[0 0 0 ... 1 1 1]
25,dataset_yolo/autos_bw/auto025.png,data_21m/autos_bw/auto025_rep06.png,NYV 513,True,0,[0 0 0 ... 1 1 1],[0 0 0 ... 1 1 1]
25,dataset_yolo/autos_bw/auto025.png,data_21m/autos_bw/auto025_rep07.png,NYV 513,True,0,[0 0 0 ... 1 1 1],[0 0 0 ... 1 1 1]
25,dataset_yolo/autos_bw/auto025.png,data_21m/autos_bw/auto025_rep08.png,NYV 513,True,0,[0 0 0 ... 1 1 1],[0 0 0 ... 1 1 1]
25,dataset_yolo/autos_bw/auto025.png,data_21m/autos_bw/auto025_rep09.png,NYV 513,True,0,[0 0 0 ... 1 1 1],[0 0 0 ... 1 1 1]
25,dataset_yolo/autos_bw/auto025.png,data_21m/autos_bw/auto025_rep10.png,NYV 513,True,0,[0 0 0 ... 1 1 1],[0 0 0 ... 1 1 1]
25,dataset_yolo/autos_bw/auto025.png,data_21m/autos_bw/auto025_rep11.png,NYV 513,True,0,[0 0 0 ... 1 1 1],[0 0 0 ... 1 1 1]
25,dataset_yolo/autos_bw/auto025.png,data_21m/autos_bw/auto025_rep12.png,NYV 513,False,1,[0 0 0 ... 1 1 1],[0 0 0 ... 1 1 1]
26,dataset_yolo/autos_bw/auto026.png,data_21m/autos_bw/auto026_rep01.png,ULX9631,True,0,[0 1 1 ... 0 0 0],[0 1 1 ... 0 0 0]
26,dataset_yolo/autos_bw/auto026.png,data_21m/autos_bw/auto026_rep02.png,ULX9631,True,0,[0 1 1 ... 0 0 0],[0 1 1 ... 0 0 0]
26,dataset_yolo/autos_bw/auto026.png,data_21m/autos_bw/auto026_rep03.png,ULX9631,True,0,[0 1 1 ... 0 0 0],[0 1 1 ... 0 0 0]
26,dataset_yolo/autos_bw/auto026.png,data_21m/autos_bw/auto026_rep04.png,ULX9631,True,0,[0 1 1 ... 0 0 0],[0 1 1 ... 0 0 0]
26,dataset_yolo/autos_bw/auto026.png,data_21m/autos_bw/auto026_rep05.png,ULX9631,True,0,[0 1 1 ... 0 0 0],[0 1 1 ... 0 0 0]
27,dataset_yolo/autos_bw/auto027.png,data_21m/autos_bw/auto027_rep01.png,DOX,True,0,[0 0 1 ... 0 0 0],[0 0 1 ... 0 0 0]
27,dataset_yolo/autos_bw/auto027.png,data_21m/autos_bw/auto027_rep02.png,DOX,True,0,[0 0 1 ... 0 0 0],[0 0 1 ... 0 0 0]
27,dataset_yolo/autos_bw/auto027.png,data_21m/autos_bw/auto027_rep03.png,DOX,True,0,[0 0 1 ... 0 0 0],[0 0 1 ... 0 0 0]
27,dataset_yolo/autos_bw/auto027.png,data_21m/autos_bw/auto027_rep04.png,DOX,True,0,[0 0 1 ... 0 0 0],[0 0 1 ... 0 0 0]
27,dataset_yolo/autos_bw/auto027.png,data_21m/autos_bw/auto027_rep05.png,DOX,True,0,[0 0 1 ... 0 0 0],[0 0 1 ... 0 0 0]
27,dataset_yolo/autos_bw/auto027.png,data_21m/autos_bw/auto027_rep06.png,DOX,True,0,[0 0 1 ... 0 0 0],[0 0 1 ... 0 0 0]
28,dataset_yolo/autos_bw/auto028.png,data_21m/autos_bw/auto028_rep01.png,DzS-446,True,0,[0 0 0 ... 0 0 0],[0 0 0 ... 0 0 0]
28,dataset_yolo/autos_bw/auto028.png,data_21m/autos_bw/auto028_rep02.png,DzS-446,True,0,[0 0 0 ... 0 0 0],[0 0 0 ... 0 0 0]
28,dataset_yolo/autos_bw/auto028.png,data_21m/autos_bw/auto028_rep03.png,DzS-446,True,0,[0 0 0 ... 0 0 0],[0 0 0 ... 0 0 0]
28,dataset_yolo/autos_bw/auto028.png,data_21m/autos_bw/auto028_rep04.png,DzS-446,True,0,[0 0 0 ... 0 0 0],[0 0 0 ... 0 0 0]
28,dataset_yolo/autos_bw/auto028.png,data_21m/autos_bw/auto028_rep05.png,DzS-446,True,0,[0 0 0 ... 0 0 0],[0 0 0 ... 0 0 0]
28,dataset_yolo/autos_bw/auto028.png,data_21m/autos_bw/auto028_rep06.png,DzS-446,True,0,[0 0 0 ... 0 0 0],[0 0 0 ... 0 0 0]
28,dataset_yolo/autos_bw/auto028.png,data_21m/autos_bw/auto028_rep07.png,DzS-446,True,0,[0 0 0 ... 0 0 0],[0 0 0 ... 0 0 0]
28,dataset_yolo/autos_bw/auto028.png,data_21m/autos_bw/auto028_rep08.png,DzS-446,True,0,[0 0 0 ... 0 0 0],[0 0 0 ... 0 0 0]
28,dataset_yolo/autos_bw/auto028.png,data_21m/autos_bw/auto028_rep09.png,DzS-446,True,0,[0 0 0 ... 0 0 0],[0 0 0 ... 0 0 0]
28,dataset_yolo/autos_bw/auto028.png,data_21m/autos_bw/auto028_rep10.png,DzS-446,True,0,[0 0 0 ... 0 0 0],[0 0 0 ... 0 0 0]
28,dataset_yolo/autos_bw/auto028.png,data_21m/autos_bw/auto028_rep11.png,DzS-446,True,0,[0 0 0 ... 0 0 0],[0 0 0 ... 0 0 0]
28,dataset_yolo/autos_bw/auto028.png,data_21m/autos_bw/auto028_rep12.png,DzS-446,True,0,[0 0 0 ... 0 0 0],[0 0 0 ... 0 0 0]
29,dataset_yolo/autos_bw/auto029.png,data_21m/autos_bw/auto029_rep01.png,JFL 8261,False,4,[0 0 0 ... 1 1 1],[0 0 0 ... 1 1 1]
29,dataset_yolo/autos_bw/auto029.png,data_21m/autos_bw/auto029_rep02.png,JFL 8261,False,4,[0 0 0 ... 1 1 1],[0 0 0 ... 1 1 1]
29,dataset_yolo/autos_bw/auto029.png,data_21m/autos_bw/auto029_rep03.png,JFL 8261,False,4,[0 0 0 ... 1 1 1],[0 0 0 ... 1 1 1]
30,dataset_yolo/autos_bw/auto030.png,data_21m/autos_bw/auto030_rep01.png,UUT-864,True,0,[0 0 0 ... 0 0 0],[0 0 0 ... 0 0 0]
30,dataset_yolo/autos_bw/auto030.png,data_21m/autos_bw/auto030_rep02.png,UUT-864,True,0,[0 0 0 ... 0 0 0],[0 0 0 ... 0 0 0]
30,dataset_yolo/autos_bw/auto030.png,data_21m/autos_bw/auto030_rep03.png,UUT-864,True,0,[0 0 0 ... 0 0 0],[0 0 0 ... 0 0 0]
30,dataset_yolo/autos_bw/auto030.png,data_21m/autos_bw/auto030_rep04.png,UUT-864,True,0,[0 0 0 ... 0 0 0],[0 0 0 ... 0 0 0]
30,dataset_yolo/autos_bw/auto030.png,data_21m/autos_bw/auto030_rep05.png,UUT-864,True,0,[0 0 0 ... 0 0 0],[0 0 0 ... 0 0 0]
30,dataset_yolo/autos_bw/auto030.png,data_21m/autos_bw/auto030_rep06.png,UUT-864,False,3,[0 0 0 ... 0 0 0],[0 0 0 ... 0 0 0]
30,dataset_yolo/autos_bw/auto030.png,data_21m/autos_bw/auto030_rep07.png,UUT-864,False,4,[0 0 0 ... 0 0 0],[0 0 0 ... 0 0 0]
30,dataset_yolo/autos_bw/auto030.png,data_21m/autos_bw/auto030_rep08.png,UUT-864,False,8,[0 0 0 ... 0 0 0],[0 0 0 ... 0 0 0]
31,dataset_yolo/autos_bw/auto031.png,data_21m/autos_bw/auto031_rep01.png,RKM 559,True,0,[1 1 1 ... 0 0 0],[1 1 1 ... 0 0 0]
31,dataset_yolo/autos_bw/auto031.png,data_21m/autos_bw/auto031_rep02.png,RKM 559,True,0,[1 1 1 ... 0 0 0],[1 1 1 ... 0 0 0]
31,dataset_yolo/autos_bw/auto031.png,data_21m/autos_bw/auto031_rep03.png,RKM 559,True,0,[1 1 1 ... 0 0 0],[1 1 1 ... 0 0 0]
31,dataset_yolo/autos_bw/auto031.png,data_21m/autos_bw/auto031_rep04.png,RKM 559,True,0,[1 1 1 ... 0 0 0],[1 1 1 ... 0 0 0]
31,dataset_yolo/autos_bw/auto031.png,data_21m/autos_bw/auto031_rep05.png,RKM 559,True,0,[1 1 1 ... 0 0 0],[1 1 1 ... 0 0 0]
31,dataset_yolo/autos_bw/auto031.png,data_21m/autos_bw/auto031_rep06.png,RKM 559,True,0,[1 1 1 ... 0 0 0],[1 1 1 ... 0 0 0]
31,dataset_yolo/autos_bw/auto031.png,data_21m/autos_bw/auto031_rep07.png,RKM 559,True,0,[1 1 1 ... 0 0 0],[1 1 1 ... 0 0 0]
31,dataset_yolo/autos_bw/auto031.png,data_21m/autos_bw/auto031_rep08.png,RKM 559,True,0,[1 1 1 ... 0 0 0],[1 1 1 ... 0 0 0]
31,dataset_yolo/autos_bw/auto031.png,data_21m/autos_bw/auto031_rep09.png,RKM 559,True,0,[1 1 1 ... 0 0 0],[1 1 1 ... 0 0 0]
31,dataset_yolo/autos_bw/auto031.png,data_21m/autos_bw/auto031_rep10.png,RKM 559,True,0,[1 1 1 ... 0 0 0],[1 1 1 ... 0 0 0]
31,dataset_yolo/autos_bw/auto031.png,data_21m/autos_bw/auto031_rep11.png,RKM 559,True,0,[1 1 1 ... 0 0 0],[1 1 1 ... 0 0 0]
31,dataset_yolo/autos_bw/auto031.png,data_21m/autos_bw/auto031_rep12.png,RKM 559,False,2,[1 1 1 ... 0 0 0],[1 1 1 ... 0 0 0]
32,dataset_yolo/autos_bw/auto032.png,data_21m/autos_bw/auto032_rep01.png,EMM 0391,False,7,[0 0 0 ... 0 0 0],[0 0 0 ... 0 0 0]
32,dataset_yolo/autos_bw/auto032.png,data_21m/autos_bw/auto032_rep02.png,EMM 0391,False,7,[0 0 0 ... 0 0 0],[0 0 0 ... 0 0 0]
33,dataset_yolo/autos_bw/auto033.png,data_21m/autos_bw/auto033_rep01.png,NKU:190,True,0,[0 0 0 ... 0 0 0],[0 0 0 ... 0 0 0]
33,dataset_yolo/autos_bw/auto033.png,data_21m/autos_bw/auto033_rep02.png,NKU:190,True,0,[0 0 0 ... 0 0 0],[0 0 0 ... 0 0 0]
33,dataset_yolo/autos_bw/auto033.png,data_21m/autos_bw/auto033_rep03.png,NKU:190,True,0,[0 0 0 ... 0 0 0],[0 0 0 ... 0 0 0]
33,dataset_yolo/autos_bw/auto033.png,data_21m/autos_bw/auto033_rep04.png,NKU:190,True,0,[0 0 0 ... 0 0 0],[0 0 0 ... 0 0 0]
33,dataset_yolo/autos_bw/auto033.png,data_21m/autos_bw/auto033_rep05.png,NKU:190,True,0,[0 0 0 ... 0 0 0],[0 0 0 ... 0 0 0]
33,dataset_yolo/autos_bw/auto033.png,data_21m/autos_bw/auto033_rep06.png,NKU:190,True,0,[0 0 0 ... 0 0 0],[0 0 0 ... 0 0 0]
33,dataset_yolo/autos_bw/auto033.png,data_21m/autos_bw/auto033_rep07.png,NKU:190,True,0,[0 0 0 ... 0 0 0],[0 0 0 ... 0 0 0]
33,dataset_yolo/autos_bw/auto033.png,data_21m/autos_bw/auto033_rep08.png,NKU:190,True,0,[0 0 0 ... 0 0 0],[0 0 0 ... 0 0 0]
33,dataset_yolo/autos_bw/auto033.png,data_21m/autos_bw/auto033_rep09.png,NKU:190,True,0,[0 0 0 ... 0 0 0],[0 0 0 ... 0 0 0]
33,dataset_yolo/autos_bw/auto033.png,data_21m/autos_bw/auto033_rep10.png,NKU:190,True,0,[0 0 0 ... 0 0 0],[0 0 0 ... 0 0 0]
34,dataset_yolo/autos_bw/auto034.png,data_21m/autos_bw/auto034_rep01.png,CHT 398,True,0,[0 0 0 ... 1 1 1],[0 0 0 ... 1 1 1]
34,dataset_yolo/autos_bw/auto034.png,data_21m/autos_bw/auto034_rep02.png,CHT 398,True,0,[0 0 0 ... 1 1 1],[0 0 0 ... 1 1 1]
34,dataset_yolo/autos_bw/auto034.png,data_21m/autos_bw/auto034_rep03.png,CHT 398,True,0,[0 0 0 ... 1 1 1],[0 0 0 ... 1 1 1]
34,dataset_yolo/autos_bw/auto034.png,data_21m/autos_bw/auto034_rep04.png,CHT 398,True,0,[0 0 0 ... 1 1 1],[0 0 0 ... 1 1 1]
34,dataset_yolo/autos_bw/auto034.png,data_21m/autos_bw/auto034_rep05.png,CHT 398,True,0,[0 0 0 ... 1 1 1],[0 0 0 ... 1 1 1]
34,dataset_yolo/autos_bw/auto034.png,data_21m/autos_bw/auto034_rep06.png,CHT 398,True,0,[0 0 0 ... 1 1 1],[0 0 0 ... 1 1 1]
34,dataset_yolo/autos_bw/auto034.png,data_21m/autos_bw/auto034_rep07.png,CHT 398,True,0,[0 0 0 ... 1 1 1],[0 0 0 ... 1 1 1]
34,dataset_yolo/autos_bw/auto034.png,data_21m/autos_bw/auto034_rep08.png,CHT 398,True,0,[0 0 0 ... 1 1 1],[0 0 0 ... 1 1 1]
34,dataset_yolo/autos_bw/auto034.png,data_21m/autos_bw/auto034_rep09.png,CHT 398,True,0,[0 0 0 ... 1 1 1],[0 0 0 ... 1 1 1]
34,dataset_yolo/autos_bw/auto034.png,data_21m/autos_bw/auto034_rep10.png,CHT 398,True,0,[0 0 0 ... 1 1 1],[0 0 0 ... 1 1 1]
34,dataset_yolo/autos_bw/auto034.png,data_21m/autos_bw/auto034_rep11.png,CHT 398,True,0,[0 0 0 ... 1 1 1],[0 0 0 ... 1 1 1]
35,dataset_yolo/autos_bw/auto035.png,data_21m/autos_bw/auto035_rep01.png,JHV-190,False,14,[1 1 1 ... 1 1 1],[1 1 1 ... 1 1 1]
36,dataset_yolo/autos_bw/auto036.png,data_21m/autos_bw/auto036_rep01.png,FPN 470,True,0,[0 0 0 ... 0 0 0],[0 0 0 ... 0 0 0]
36,dataset_yolo/autos_bw/auto036.png,data_21m/autos_bw/auto036_rep02.png,FPN 470,True,0,[0 0 0 ... 0 0 0],[0 0 0 ... 0 0 0]
36,dataset_yolo/autos_bw/auto036.png,data_21m/autos_bw/auto036_rep03.png,FPN 470,True,0,[0 0 0 ... 0 0 0],[0 0 0 ... 0 0 0]
36,dataset_yolo/autos_bw/auto036.png,data_21m/autos_bw/auto036_rep04.png,FPN 470,True,0,[0 0 0 ... 0 0 0],[0 0 0 ... 0 0 0]
36,dataset_yolo/autos_bw/auto036.png,data_21m/autos_bw/auto036_rep05.png,FPN 470,True,0,[0 0 0 ... 0 0 0],[0 0 0 ... 0 0 0]
36,dataset_yolo/autos_bw/auto036.png,data_21m/autos_bw/auto036_rep06.png,FPN 470,True,0,[0 0 0 ... 0 0 0],[0 0 0 ... 0 0 0]
36,dataset_yolo/autos_bw/auto036.png,data_21m/autos_bw/auto036_rep07.png,FPN 470,True,0,[0 0 0 ... 0 0 0],[0 0 0 ... 0 0 0]
36,dataset_yolo/autos_bw/auto036.png,data_21m/autos_bw/auto036_rep08.png,FPN 470,True,0,[0 0 0 ... 0 0 0],[0 0 0 ... 0 0 0]
36,dataset_yolo/autos_bw/auto036.png,data_21m/autos_bw/auto036_rep09.png,FPN 470,True,0,[0 0 0 ... 0 0 0],[0 0 0 ... 0 0 0]
36,dataset_yolo/autos_bw/auto036.png,data_21m/autos_bw/auto036_rep10.png,FPN 470,True,0,[0 0 0 ... 0 0 0],[0 0 0 ... 0 0 0]
37,dataset_yolo/autos_bw/auto037.png,data_21m/autos_bw/auto037_rep01.png,IFU 194,True,0,[0 1 1 ... 0 0 0],[0 1 1 ... 0 0 0]
37,dataset_yolo/autos_bw/auto037.png,data_21m/autos_bw/auto037_rep02.png,IFU 194,True,0,[0 1 1 ... 0 0 0],[0 1 1 ... 0 0 0]
37,dataset_yolo/autos_bw/auto037.png,data_21m/autos_bw/auto037_rep03.png,IFU 194,True,0,[0 1 1 ... 0 0 0],[0 1 1 ... 0 0 0]
37,dataset_yolo/autos_bw/auto037.png,data_21m/autos_bw/auto037_rep04.png,IFU 194,True,0,[0 1 1 ... 0 0 0],[0 1 1 ... 0 0 0]
37,dataset_yolo/autos_bw/auto037.png,data_21m/autos_bw/auto037_rep05.png,IFU 194,True,0,[0 1 1 ... 0 0 0],[0 1 1 ... 0 0 0]
37,dataset_yolo/autos_bw/auto037.png,data_21m/autos_bw/auto037_rep06.png,IFU 194,True,0,[0 1 1 ... 0 0 0],[0 1 1 ... 0 0 0]
37,dataset_yolo/autos_bw/auto037.png,data_21m/autos_bw/auto037_rep07.png,IFU 194,True,0,[0 1 1 ... 0 0 0],[0 1 1 ... 0 0 0]
37,dataset_yolo/autos_bw/auto037.png,data_21m/autos_bw/auto037_rep08.png,IFU 194,True,0,[0 1 1 ... 0 0 0],[0 1 1 ... 0 0 0]
37,dataset_yolo/autos_bw/auto037.png,data_21m/autos_bw/auto037_rep09.png,IFU 194,True,0,[0 1 1 ... 0 0 0],[0 1 1 ... 0 0 0]
38,dataset_yolo/autos_bw/auto038.png,data_21m/autos_bw/auto038_rep01.png,IXN759,True,0,[0 0 0 ... 0 0 0],[0 0 0 ... 0 0 0]
38,dataset_yolo/autos_bw/auto038.png,data_21m/autos_bw/auto038_rep02.png,IXN759,True,0,[0 0 0 ... 0 0 0],[0 0 0 ... 0 0 0]
39,dataset_yolo/autos_bw/auto039.png,data_21m/autos_bw/auto039_rep01.png,KXK-460,True,0,[0 0 0 ... 0 0 0],[0 0 0 ... 0 0 0]
39,dataset_yolo/autos_bw/auto039.png,data_21m/autos_bw/auto039_rep02.png,KXK-460,True,0,[0 0 0 ... 0 0 0],[0 0 0 ... 0 0 0]
39,dataset_yolo/autos_bw/auto039.png,data_21m/autos_bw/auto039_rep03.png,KXK-460,True,0,[0 0 0 ... 0 0 0],[0 0 0 ... 0 0 0]
39,dataset_yolo/autos_bw/auto039.png,data_21m/autos_bw/auto039_rep04.png,KXK-460,True,0,[0 0 0 ... 0 0 0],[0 0 0 ... 0 0 0]
39,dataset_yolo/autos_bw/auto039.png,data_21m/autos_bw/auto039_rep05.png,KXK-460,True,0,[0 0 0 ... 0 0 0],[0 0 0 ... 0 0 0]
39,dataset_yolo/autos_bw/auto039.png,data_21m/autos_bw/auto039_rep06.png,KXK-460,True,0,[0 0 0 ... 0 0 0],[0 0 0 ... 0 0 0]
39,dataset_yolo/autos_bw/auto039.png,data_21m/autos_bw/auto039_rep07.png,KXK-460,True,0,[0 0 0 ... 0 0 0],[0 0 0 ... 0 0 0]
39,dataset_yolo/autos_bw/auto039.png,data_21m/autos_bw/auto039_rep08.png,KXK-460,True,0,[0 0 0 ... 0 0 0],[0 0 0 ... 0 0 0]
39,dataset_yolo/autos_bw/auto039.png,data_21m/autos_bw/auto039_rep09.png,KXK-460,True,0,[0 0 0 ... 0 0 0],[0 0 0 ... 0 0 0]
39,dataset_yolo/autos_bw/auto039.png,data_21m/autos_bw/auto039_rep10.png,KXK-460,True,0,[0 0 0 ... 0 0 0],[0 0 0 ... 0 0 0]
39,dataset_yolo/autos_bw/auto039.png,data_21m/autos_bw/auto039_rep11.png,KXK-460,True,0,[0 0 0 ... 0 0 0],[0 0 0 ... 0 0 0]
40,dataset_yolo/autos_bw/auto040.png,data_21m/autos_bw/auto040_rep01.png,KVZ 867,False,1,[0 0 0 ... 0 0 0],[0 0 0 ... 0 0 0]
40,dataset_yolo/autos_bw/auto040.png,data_21m/autos_bw/auto040_rep02.png,KVZ 867,True,0,[0 0 0 ... 0 0 0],[0 0 0 ... 0 0 0]
40,dataset_yolo/autos_bw/auto040.png,data_21m/autos_bw/auto040_rep03.png,KVZ 867,True,0,[0 0 0 ... 0 0 0],[0 0 0 ... 0 0 0]
40,dataset_yolo/autos_bw/auto040.png,data_21m/autos_bw/auto040_rep04.png,KVZ 867,True,0,[0 0 0 ... 0 0 0],[0 0 0 ... 0 0 0]
40,dataset_yolo/autos_bw/auto040.png,data_21m/autos_bw/auto040_rep05.png,KVZ 867,True,0,[0 0 0 ... 0 0 0],[0 0 0 ... 0 0 0]
40,dataset_yolo/autos_bw/auto040.png,data_21m/autos_bw/auto040_rep06.png,KVZ 867,True,0,[0 0 0 ... 0 0 0],[0 0 0 ... 0 0 0]
40,dataset_yolo/autos_bw/auto040.png,data_21m/autos_bw/auto040_rep07.png,KVZ 867,True,0,[0 0 0 ... 0 0 0],[0 0 0 ... 0 0 0]
41,dataset_yolo/autos_bw/auto041.png,data_21m/autos_bw/auto041_rep01.png,RLM:799,True,0,[0 0 0 ... 0 0 0],[0 0 0 ... 0 0 0]
41,dataset_yolo/autos_bw/auto041.png,data_21m/autos_bw/auto041_rep02.png,RLM:799,True,0,[0 0 0 ... 0 0 0],[0 0 0 ... 0 0 0]
10,dataset_yolo/autos_bw/auto010.png,data_21m/autos_bw/auto010_rep03.png,EJM 607,False,877,[0 0 0 ... 1 1 1],[0 0 0 ... 1 0 0]
10,dataset_yolo/autos_bw/auto010.png,data_21m/autos_bw/auto010_rep04.png,EJM 607,False,877,[0 0 0 ... 1 1 1],[0 0 0 ... 1 0 0]
42,dataset_yolo/autos_bw/auto042.png,data_21m/autos_bw/auto042_rep01.png,KXZ.778,True,0,[0 0 0 ... 1 0 0],[0 0 0 ... 1 0 0]
42,dataset_yolo/autos_bw/auto042.png,data_21m/autos_bw/auto042_rep02.png,KXZ.778,True,0,[0 0 0 ... 1 0 0],[0 0 0 ... 1 0 0]
42,dataset_yolo/autos_bw/auto042.png,data_21m/autos_bw/auto042_rep03.png,KXZ.778,True,0,[0 0 0 ... 1 0 0],[0 0 0 ... 1 0 0]
42,dataset_yolo/autos_bw/auto042.png,data_21m/autos_bw/auto042_rep04.png,KXZ.778,True,0,[0 0 0 ... 1 0 0],[0 0 0 ... 1 0 0]
42,dataset_yolo/autos_bw/auto042.png,data_21m/autos_bw/auto042_rep05.png,KXZ.778,True,0,[0 0 0 ... 1 0 0],[0 0 0 ... 1 0 0]
42,dataset_yolo/autos_bw/auto042.png,data_21m/autos_bw/auto042_rep06.png,KXZ.778,True,0,[0 0 0 ... 1 0 0],[0 0 0 ... 1 0 0]
42,dataset_yolo/autos_bw/auto042.png,data_21m/autos_bw/auto042_rep07.png,KXZ.778,True,0,[0 0 0 ... 1 0 0],[0 0 0 ... 1 0 0]
42,dataset_yolo/autos_bw/auto042.png,data_21m/autos_bw/auto042_rep08.png,KXZ.778,True,0,[0 0 0 ... 1 0 0],[0 0 0 ... 1 0 0]
42,dataset_yolo/autos_bw/auto042.png,data_21m/autos_bw/auto042_rep09.png,KXZ.778,True,0,[0 0 0 ... 1 0 0],[0 0 0 ... 1 0 0]
42,dataset_yolo/autos_bw/auto042.png,data_21m/autos_bw/auto042_rep10.png,KXZ.778,True,0,[0 0 0 ... 1 0 0],[0 0 0 ... 1 0 0]
43,dataset_yolo/autos_bw/auto043.png,data_21m/autos_bw/auto043_rep01.png,DOT 087-,True,0,[0 0 0 ... 0 0 0],[0 0 0 ... 0 0 0]
43,dataset_yolo/autos_bw/auto043.png,data_21m/autos_bw/auto043_rep02.png,DOT 087-,True,0,[0 0 0 ... 0 0 0],[0 0 0 ... 0 0 0]
43,dataset_yolo/autos_bw/auto043.png,data_21m/autos_bw/auto043_rep03.png,DOT 087-,True,0,[0 0 0 ... 0 0 0],[0 0 0 ... 0 0 0]
43,dataset_yolo/autos_bw/auto043.png,data_21m/autos_bw/auto043_rep04.png,DOT 087-,True,0,[0 0 0 ... 0 0 0],[0 0 0 ... 0 0 0]
43,dataset_yolo/autos_bw/auto043.png,data_21m/autos_bw/auto043_rep05.png,DOT 087-,True,0,[0 0 0 ... 0 0 0],[0 0 0 ... 0 0 0]
44,dataset_yolo/autos_bw/auto044.png,data_21m/autos_bw/auto044_rep01.png,HvU =,True,0,[0 0 0 ... 1 1 1],[0 0 0 ... 1 1 1]
44,dataset_yolo/autos_bw/auto044.png,data_21m/autos_bw/auto044_rep02.png,HvU =,True,0,[0 0 0 ... 1 1 1],[0 0 0 ... 1 1 1]
44,dataset_yolo/autos_bw/auto044.png,data_21m/autos_bw/auto044_rep03.png,HvU =,True,0,[0 0 0 ... 1 1 1],[0 0 0 ... 1 1 1]
44,dataset_yolo/autos_bw/auto044.png,data_21m/autos_bw/auto044_rep04.png,HvU =,True,0,[0 0 0 ... 1 1 1],[0 0 0 ... 1 1 1]
45,dataset_yolo/autos_bw/auto045.png,data_21m/autos_bw/auto045_rep01.png,IFo 0851,False,1,[0 0 0 ... 0 1 1],[0 0 0 ... 0 1 1]
45,dataset_yolo/autos_bw/auto045.png,data_21m/autos_bw/auto045_rep02.png,IFo 0851,True,0,[0 0 0 ... 0 1 1],[0 0 0 ... 0 1 1]
45,dataset_yolo/autos_bw/auto045.png,data_21m/autos_bw/auto045_rep03.png,IFo 0851,True,0,[0 0 0 ... 0 1 1],[0 0 0 ... 0 1 1]
45,dataset_yolo/autos_bw/auto045.png,data_21m/autos_bw/auto045_rep04.png,IFo 0851,True,0,[0 0 0 ... 0 1 1],[0 0 0 ... 0 1 1]
45,dataset_yolo/autos_bw/auto045.png,data_21m/autos_bw/auto045_rep05.png,IFo 0851,True,0,[0 0 0 ... 0 1 1],[0 0 0 ... 0 1 1]
45,dataset_yolo/autos_bw/auto045.png,data_21m/autos_bw/auto045_rep06.png,IFo 0851,True,0,[0 0 0 ... 0 1 1],[0 0 0 ... 0 1 1]
45,dataset_yolo/autos_bw/auto045.png,data_21m/autos_bw/auto045_rep07.png,IFo 0851,True,0,[0 0 0 ... 0 1 1],[0 0 0 ... 0 1 1]
45,dataset_yolo/autos_bw/auto045.png,data_21m/autos_bw/auto045_rep08.png,IFo 0851,True,0,[0 0 0 ... 0 1 1],[0 0 0 ... 0 1 1]
45,dataset_yolo/autos_bw/auto045.png,data_21m/autos_bw/auto045_rep09.png,IFo 0851,True,0,[0 0 0 ... 0 1 1],[0 0 0 ... 0 1 1]
45,dataset_yolo/autos_bw/auto045.png,data_21m/autos_bw/auto045_rep10.png,IFo 0851,True,0,[0 0 0 ... 0 1 1],[0 0 0 ... 0 1 1]
45,dataset_yolo/autos_bw/auto045.png,data_21m/autos_bw/auto045_rep11.png,IFo 0851,True,0,[0 0 0 ... 0 1 1],[0 0 0 ... 0 1 1]
45,dataset_yolo/autos_bw/auto045.png,data_21m/autos_bw/auto045_rep12.png,IFo 0851,True,0,[0 0 0 ... 0 1 1],[0 0 0 ... 0 1 1]
46,dataset_yolo/autos_bw/auto046.png,data_21m/autos_bw/auto046_rep01.png,NDT-524,True,0,[0 0 0 ... 0 0 0],[0 0 0 ... 0 0 0]
46,dataset_yolo/autos_bw/auto046.png,data_21m/autos_bw/auto046_rep02.png,NDT-524,True,0,[0 0 0 ... 0 0 0],[0 0 0 ... 0 0 0]
46,dataset_yolo/autos_bw/auto046.png,data_21m/autos_bw/auto046_rep03.png,NDT-524,True,0,[0 0 0 ... 0 0 0],[0 0 0 ... 0 0 0]
47,dataset_yolo/autos_bw/auto047.png,data_21m/autos_bw/auto047_rep01.png,UCV 695,True,0,[0 0 0 ... 0 0 0],[0 0 0 ... 0 0 0]
47,dataset_yolo/autos_bw/auto047.png,data_21m/autos_bw/auto047_rep02.png,UCV 695,True,0,[0 0 0 ... 0 0 0],[0 0 0 ... 0 0 0]
47,dataset_yolo/autos_bw/auto047.png,data_21m/autos_bw/auto047_rep03.png,UCV 695,True,0,[0 0 0 ... 0 0 0],[0 0 0 ... 0 0 0]
47,dataset_yolo/autos_bw/auto047.png,data_21m/autos_bw/auto047_rep04.png,UCV 695,True,0,[0 0 0 ... 0 0 0],[0 0 0 ... 0 0 0]
47,dataset_yolo/autos_bw/auto047.png,data_21m/autos_bw/auto047_rep05.png,UCV 695,True,0,[0 0 0 ... 0 0 0],[0 0 0 ... 0 0 0]
47,dataset_yolo/autos_bw/auto047.png,data_21m/autos_bw/auto047_rep06.png,UCV 695,True,0,[0 0 0 ... 0 0 0],[0 0 0 ... 0 0 0]
48,dataset_yolo/autos_bw/auto048.png,data_21m/autos_bw/auto048_rep01.png,IMU991,True,0,[0 0 1 ... 1 1 1],[0 0 1 ... 1 1 1]
48,dataset_yolo/autos_bw/auto048.png,data_21m/autos_bw/auto048_rep02.png,IMU991,True,0,[0 0 1 ... 1 1 1],[0 0 1 ... 1 1 1]
48,dataset_yolo/autos_bw/auto048.png,data_21m/autos_bw/auto048_rep03.png,IMU991,True,0,[0 0 1 ... 1 1 1],[0 0 1 ... 1 1 1]
48,dataset_yolo/autos_bw/auto048.png,data_21m/autos_bw/auto048_rep04.png,IMU991,True,0,[0 0 1 ... 1 1 1],[0 0 1 ... 1 1 1]
48,dataset_yolo/autos_bw/auto048.png,data_21m/autos_bw/auto048_rep05.png,IMU991,True,0,[0 0 1 ... 1 1 1],[0 0 1 ... 1 1 1]
48,dataset_yolo/autos_bw/auto048.png,data_21m/autos_bw/auto048_rep06.png,IMU991,True,0,[0 0 1 ... 1 1 1],[0 0 1 ... 1 1 1]
48,dataset_yolo/autos_bw/auto048.png,data_21m/autos_bw/auto048_rep07.png,IMU991,True,0,[0 0 1 ... 1 1 1],[0 0 1 ... 1 1 1]
48,dataset_yolo/autos_bw/auto048.png,data_21m/autos_bw/auto048_rep08.png,IMU991,True,0,[0 0 1 ... 1 1 1],[0 0 1 ... 1 1 1]
48,dataset_yolo/autos_bw/auto048.png,data_21m/autos_bw/auto048_rep09.png,IMU991,True,0,[0 0 1 ... 1 1 1],[0 0 1 ... 1 1 1]
48,dataset_yolo/autos_bw/auto048.png,data_21m/autos_bw/auto048_rep10.png,IMU991,True,0,[0 0 1 ... 1 1 1],[0 0 1 ... 1 1 1]
48,dataset_yolo/autos_bw/auto048.png,data_21m/autos_bw/auto048_rep11.png,IMU991,True,0,[0 0 1 ... 1 1 1],[0 0 1 ... 1 1 1]
48,dataset_yolo/autos_bw/auto048.png,data_21m/autos_bw/auto048_rep12.png,IMU991,True,0,[0 0 1 ... 1 1 1],[0 0 1 ... 1 1 1]
49,dataset_yolo/autos_bw/auto049.png,data_21m/autos_bw/auto049_rep01.png,RNV:110,False,7,[1 0 0 ... 1 1 1],[1 0 0 ... 1 1 1]
50,dataset_yolo/autos_bw/auto050.png,data_21m/autos_bw/auto050_rep01.png,IHX978,True,0,[0 0 0 ... 0 0 0],[0 0 0 ... 0 0 0]
50,dataset_yolo/autos_bw/auto050.png,data_21m/autos_bw/auto050_rep02.png,IHX978,True,0,[0 0 0 ... 0 0 0],[0 0 0 ... 0 0 0]
50,dataset_yolo/autos_bw/auto050.png,data_21m/autos_bw/auto050_rep03.png,IHX978,True,0,[0 0 0 ... 0 0 0],[0 0 0 ... 0 0 0]
50,dataset_yolo/autos_bw/auto050.png,data_21m/autos_bw/auto050_rep04.png,IHX978,True,0,[0 0 0 ... 0 0 0],[0 0 0 ... 0 0 0]
50,dataset_yolo/autos_bw/auto050.png,data_21m/autos_bw/auto050_rep05.png,IHX978,True,0,[0 0 0 ... 0 0 0],[0 0 0 ... 0 0 0]
50,dataset_yolo/autos_bw/auto050.png,data_21m/autos_bw/auto050_rep06.png,IHX978,True,0,[0 0 0 ... 0 0 0],[0 0 0 ... 0 0 0]
50,dataset_yolo/autos_bw/auto050.png,data_21m/autos_bw/auto050_rep07.png,IHX978,True,0,[0 0 0 ... 0 0 0],[0 0 0 ... 0 0 0]
50,dataset_yolo/autos_bw/auto050.png,data_21m/autos_bw/auto050_rep08.png,IHX978,True,0,[0 0 0 ... 0 0 0],[0 0 0 ... 0 0 0]
50,dataset_yolo/autos_bw/auto050.png,data_21m/autos_bw/auto050_rep09.png,IHX978,True,0,[0 0 0 ... 0 0 0],[0 0 0 ... 0 0 0]
50,dataset_yolo/autos_bw/auto050.png,data_21m/autos_bw/auto050_rep10.png,IHX978,True,0,[0 0 0 ... 0 0 0],[0 0 0 ... 0 0 0]
51,dataset_yolo/autos_bw/auto051.png,data_21m/autos_bw/auto051_rep01.png,KXU.598,True,0,[1 1 1 ... 1 1 1],[1 1 1 ... 1 1 1]
51,dataset_yolo/autos_bw/auto051.png,data_21m/autos_bw/auto051_rep02.png,KXU.598,True,0,[1 1 1 ... 1 1 1],[1 1 1 ... 1 1 1]
51,dataset_yolo/autos_bw/auto051.png,data_21m/autos_bw/auto051_rep03.png,KXU.598,True,0,[1 1 1 ... 1 1 1],[1 1 1 ... 1 1 1]
51,dataset_yolo/autos_bw/auto051.png,data_21m/autos_bw/auto051_rep04.png,KXU.598,True,0,[1 1 1 ... 1 1 1],[1 1 1 ... 1 1 1]
51,dataset_yolo/autos_bw/auto051.png,data_21m/autos_bw/auto051_rep05.png,KXU.598,True,0,[1 1 1 ... 1 1 1],[1 1 1 ... 1 1 1]
51,dataset_yolo/autos_bw/auto051.png,data_21m/autos_bw/auto051_rep06.png,KXU.598,True,0,[1 1 1 ... 1 1 1],[1 1 1 ... 1 1 1]
51,dataset_yolo/autos_bw/auto051.png,data_21m/autos_bw/auto051_rep07.png,KXU.598,True,0,[1 1 1 ... 1 1 1],[1 1 1 ... 1 1 1]
51,dataset_yolo/autos_bw/auto051.png,data_21m/autos_bw/auto051_rep08.png,KXU.598,True,0,[1 1 1 ... 1 1 1],[1 1 1 ... 1 1 1]
51,dataset_yolo/autos_bw/auto051.png,data_21m/autos_bw/auto051_rep09.png,KXU.598,True,0,[1 1 1 ... 1 1 1],[1 1 1 ... 1 1 1]
51,dataset_yolo/autos_bw/auto051.png,data_21m/autos_bw/auto051_rep10.png,KXU.598,True,0,[1 1 1 ... 1 1 1],[1 1 1 ... 1 1 1]
52,dataset_yolo/autos_bw/auto052.png,data_21m/autos_bw/auto052_rep01.png,AHD 857,True,0,[1 0 0 ... 1 0 1],[1 0 0 ... 1 0 1]
52,dataset_yolo/autos_bw/auto052.png,data_21m/autos_bw/auto052_rep02.png,AHD 857,True,0,[1 0 0 ... 1 0 1],[1 0 0 ... 1 0 1]
53,dataset_yolo/autos_bw/auto053.png,data_21m/autos_bw/auto053_rep01.png,HIT-689,True,0,[0 0 0 ... 0 0 0],[0 0 0 ... 0 0 0]
53,dataset_yolo/autos_bw/auto053.png,data_21m/autos_bw/auto053_rep02.png,HIT-689,True,0,[0 0 0 ... 0 0 0],[0 0 0 ... 0 0 0]
53,dataset_yolo/autos_bw/auto053.png,data_21m/autos_bw/auto053_rep03.png,HIT-689,True,0,[0 0 0 ... 0 0 0],[0 0 0 ... 0 0 0]
53,dataset_yolo/autos_bw/auto053.png,data_21m/autos_bw/auto053_rep04.png,HIT-689,True,0,[0 0 0 ... 0 0 0],[0 0 0 ... 0 0 0]
53,dataset_yolo/autos_bw/auto053.png,data_21m/autos_bw/auto053_rep05.png,HIT-689,True,0,[0 0 0 ... 0 0 0],[0 0 0 ... 0 0 0]
53,dataset_yolo/autos_bw/auto053.png,data_21m/autos_bw/auto053_rep06.png,HIT-689,True,0,[0 0 0 ... 0 0 0],[0 0 0 ... 0 0 0]
53,dataset_yolo/autos_bw/auto053.png,data_21m/autos_bw/auto053_rep07.png,HIT-689,True,0,[0 0 0 ... 0 0 0],[0 0 0 ... 0 0 0]
53,dataset_yolo/autos_bw/auto053.png,data_21m/autos_bw/auto053_rep08.png,HIT-689,True,0,[0 0 0 ... 0 0 0],[0 0 0 ... 0 0 0]
53,dataset_yolo/autos_bw/auto053.png,data_21m/autos_bw/auto053_rep09.png,HIT-689,True,0,[0 0 0 ... 0 0 0],[0 0 0 ... 0 0 0]
52,dataset_yolo/autos_bw/auto052.png,data_21m/autos_bw/auto052_rep03.png,AHD 857,False,958,[1 0 0 ... 1 0 1],[0 0 0 ... 0 0 0]
54,dataset_yolo/autos_bw/auto054.png,data_21m/autos_bw/auto054_rep01.png,HBU 176/,True,0,[0 0 0 ... 0 0 0],[0 0 0 ... 0 0 0]
54,dataset_yolo/autos_bw/auto054.png,data_21m/autos_bw/auto054_rep02.png,HBU 176/,True,0,[0 0 0 ... 0 0 0],[0 0 0 ... 0 0 0]
54,dataset_yolo/autos_bw/auto054.png,data_21m/autos_bw/auto054_rep03.png,HBU 176/,True,0,[0 0 0 ... 0 0 0],[0 0 0 ... 0 0 0]
54,dataset_yolo/autos_bw/auto054.png,data_21m/autos_bw/auto054_rep04.png,HBU 176/,True,0,[0 0 0 ... 0 0 0],[0 0 0 ... 0 0 0]
54,dataset_yolo/autos_bw/auto054.png,data_21m/autos_bw/auto054_rep05.png,HBU 176/,True,0,[0 0 0 ... 0 0 0],[0 0 0 ... 0 0 0]
54,dataset_yolo/autos_bw/auto054.png,data_21m/autos_bw/auto054_rep06.png,HBU 176/,True,0,[0 0 0 ... 0 0 0],[0 0 0 ... 0 0 0]
54,dataset_yolo/autos_bw/auto054.png,data_21m/autos_bw/auto054_rep07.png,HBU 176/,True,0,[0 0 0 ... 0 0 0],[0 0 0 ... 0 0 0]
55,dataset_yolo/autos_bw/auto055.png,data_21m/autos_bw/auto055_rep01.png,IMK 4881,True,0,[1 1 1 ... 0 0 0],[1 1 1 ... 0 0 0]
55,dataset_yolo/autos_bw/auto055.png,data_21m/autos_bw/auto055_rep02.png,IMK 4881,True,0,[1 1 1 ... 0 0 0],[1 1 1 ... 0 0 0]
55,dataset_yolo/autos_bw/auto055.png,data_21m/autos_bw/auto055_rep03.png,IMK 4881,True,0,[1 1 1 ... 0 0 0],[1 1 1 ... 0 0 0]
55,dataset_yolo/autos_bw/auto055.png,data_21m/autos_bw/auto055_rep04.png,IMK 4881,True,0,[1 1 1 ... 0 0 0],[1 1 1 ... 0 0 0]
56,dataset_yolo/autos_bw/auto056.png,data_21m/autos_bw/auto056_rep01.png,ZYM287,False,6,[1 1 1 ... 0 0 0],[1 1 1 ... 0 0 0]
56,dataset_yolo/autos_bw/auto056.png,data_21m/autos_bw/auto056_rep02.png,ZYM287,False,4,[1 1 1 ... 0 0 0],[1 1 1 ... 0 0 0]
56,dataset_yolo/autos_bw/auto056.png,data_21m/autos_bw/auto056_rep03.png,ZYM287,False,1,[1 1 1 ... 0 0 0],[1 1 1 ... 0 0 0]
56,dataset_yolo/autos_bw/auto056.png,data_21m/autos_bw/auto056_rep04.png,ZYM287,True,0,[1 1 1 ... 0 0 0],[1 1 1 ... 0 0 0]
56,dataset_yolo/autos_bw/auto056.png,data_21m/autos_bw/auto056_rep05.png,ZYM287,True,0,[1 1 1 ... 0 0 0],[1 1 1 ... 0 0 0]
56,dataset_yolo/autos_bw/auto056.png,data_21m/autos_bw/auto056_rep06.png,ZYM287,True,0,[1 1 1 ... 0 0 0],[1 1 1 ... 0 0 0]
56,dataset_yolo/autos_bw/auto056.png,data_21m/autos_bw/auto056_rep07.png,ZYM287,True,0,[1 1 1 ... 0 0 0],[1 1 1 ... 0 0 0]
56,dataset_yolo/autos_bw/auto056.png,data_21m/autos_bw/auto056_rep08.png,ZYM287,True,0,[1 1 1 ... 0 0 0],[1 1 1 ... 0 0 0]
56,dataset_yolo/autos_bw/auto056.png,data_21m/autos_bw/auto056_rep09.png,ZYM287,True,0,[1 1 1 ... 0 0 0],[1 1 1 ... 0 0 0]
56,dataset_yolo/autos_bw/auto056.png,data_21m/autos_bw/auto056_rep10.png,ZYM287,False,1,[1 1 1 ... 0 0 0],[1 1 1 ... 0 0 0]
56,dataset_yolo/autos_bw/auto056.png,data_21m/autos_bw/auto056_rep11.png,ZYM287,True,0,[1 1 1 ... 0 0 0],[1 1 1 ... 0 0 0]
15,dataset_yolo/autos_bw/auto015.png,data_21m/autos_bw/auto015_rep08.png,447,False,927,[1 1 1 ... 0 1 1],[1 0 0 ... 0 0 0]
57,dataset_yolo/autos_bw/auto057.png,data_21m/autos_bw/auto057_rep01.png,Gix 414,True,0,[0 0 0 ... 0 0 0],[0 0 0 ... 0 0 0]
57,dataset_yolo/autos_bw/auto057.png,data_21m/autos_bw/auto057_rep02.png,Gix 414,True,0,[0 0 0 ... 0 0 0],[0 0 0 ... 0 0 0]
57,dataset_yolo/autos_bw/auto057.png,data_21m/autos_bw/auto057_rep03.png,Gix 414,True,0,[0 0 0 ... 0 0 0],[0 0 0 ... 0 0 0]
57,dataset_yolo/autos_bw/auto057.png,data_21m/autos_bw/auto057_rep04.png,Gix 414,True,0,[0 0 0 ... 0 0 0],[0 0 0 ... 0 0 0]
57,dataset_yolo/autos_bw/auto057.png,data_21m/autos_bw/auto057_rep05.png,Gix 414,True,0,[0 0 0 ... 0 0 0],[0 0 0 ... 0 0 0]
58,dataset_yolo/autos_bw/auto058.png,data_21m/autos_bw/auto058_rep01.png,IYHU 540,True,0,[0 0 0 ... 0 0 0],[0 0 0 ... 0 0 0]
58,dataset_yolo/autos_bw/auto058.png,data_21m/autos_bw/auto058_rep02.png,IYHU 540,False,2,[0 0 0 ... 0 0 0],[0 0 0 ... 0 0 0]
58,dataset_yolo/autos_bw/auto058.png,data_21m/autos_bw/auto058_rep03.png,IYHU 540,True,0,[0 0 0 ... 0 0 0],[0 0 0 ... 0 0 0]
58,dataset_yolo/autos_bw/auto058.png,data_21m/autos_bw/auto058_rep04.png,IYHU 540,True,0,[0 0 0 ... 0 0 0],[0 0 0 ... 0 0 0]
58,dataset_yolo/autos_bw/auto058.png,data_21m/autos_bw/auto058_rep05.png,IYHU 540,True,0,[0 0 0 ... 0 0 0],[0 0 0 ... 0 0 0]
59,dataset_yolo/autos_bw/auto059.png,data_21m/autos_bw/auto059_rep01.png,RJz 690],True,0,[0 0 0 ... 0 0 0],[0 0 0 ... 0 0 0]
59,dataset_yolo/autos_bw/auto059.png,data_21m/autos_bw/auto059_rep02.png,RJz 690],True,0,[0 0 0 ... 0 0 0],[0 0 0 ... 0 0 0]
59,dataset_yolo/autos_bw/auto059.png,data_21m/autos_bw/auto059_rep03.png,RJz 690],True,0,[0 0 0 ... 0 0 0],[0 0 0 ... 0 0 0]
59,dataset_yolo/autos_bw/auto059.png,data_21m/autos_bw/auto059_rep04.png,RJz 690],True,0,[0 0 0 ... 0 0 0],[0 0 0 ... 0 0 0]
59,dataset_yolo/autos_bw/auto059.png,data_21m/autos_bw/auto059_rep05.png,RJz 690],True,0,[0 0 0 ... 0 0 0],[0 0 0 ... 0 0 0]
59,dataset_yolo/autos_bw/auto059.png,data_21m/autos_bw/auto059_rep06.png,RJz 690],True,0,[0 0 0 ... 0 0 0],[0 0 0 ... 0 0 0]
59,dataset_yolo/autos_bw/auto059.png,data_21m/autos_bw/auto059_rep07.png,RJz 690],True,0,[0 0 0 ... 0 0 0],[0 0 0 ... 0 0 0]
59,dataset_yolo/autos_bw/auto059.png,data_21m/autos_bw/auto059_rep08.png,RJz 690],True,0,[0 0 0 ... 0 0 0],[0 0 0 ... 0 0 0]
59,dataset_yolo/autos_bw/auto059.png,data_21m/autos_bw/auto059_rep09.png,RJz 690],True,0,[0 0 0 ... 0 0 0],[0 0 0 ... 0 0 0]
59,dataset_yolo/autos_bw/auto059.png,data_21m/autos_bw/auto059_rep10.png,RJz 690],True,0,[0 0 0 ... 0 0 0],[0 0 0 ... 0 0 0]
59,dataset_yolo/autos_bw/auto059.png,data_21m/autos_bw/auto059_rep11.png,RJz 690],True,0,[0 0 0 ... 0 0 0],[0 0 0 ... 0 0 0]
59,dataset_yolo/autos_bw/auto059.png,data_21m/autos_bw/auto059_rep12.png,RJz 690],True,0,[0 0 0 ... 0 0 0],[0 0 0 ... 0 0 0]
89,dataset_yolo/autos_bw/auto089.png,data_21m/autos_bw/auto089_rep01.png,NuK 507,False,1030,[0 0 1 ... 0 0 0],[1 1 1 ... 1 1 1]
60,dataset_yolo/autos_bw/auto060.png,data_21m/autos_bw/auto060_rep01.png,NAL.348,False,1,[0 0 0 ... 0 0 0],[0 0 0 ... 0 0 0]
60,dataset_yolo/autos_bw/auto060.png,data_21m/autos_bw/auto060_rep02.png,NAL.348,False,1,[0 0 0 ... 0 0 0],[0 0 0 ... 0 0 0]
60,dataset_yolo/autos_bw/auto060.png,data_21m/autos_bw/auto060_rep03.png,NAL.348,False,1,[0 0 0 ... 0 0 0],[0 0 0 ... 0 0 0]
60,dataset_yolo/autos_bw/auto060.png,data_21m/autos_bw/auto060_rep04.png,NAL.348,True,0,[0 0 0 ... 0 0 0],[0 0 0 ... 0 0 0]
61,dataset_yolo/autos_bw/auto061.png,data_21m/autos_bw/auto061_rep01.png,NJP-338,True,0,[0 0 0 ... 0 0 0],[0 0 0 ... 0 0 0]
61,dataset_yolo/autos_bw/auto061.png,data_21m/autos_bw/auto061_rep02.png,NJP-338,True,0,[0 0 0 ... 0 0 0],[0 0 0 ... 0 0 0]
61,dataset_yolo/autos_bw/auto061.png,data_21m/autos_bw/auto061_rep03.png,NJP-338,True,0,[0 0 0 ... 0 0 0],[0 0 0 ... 0 0 0]
61,dataset_yolo/autos_bw/auto061.png,data_21m/autos_bw/auto061_rep04.png,NJP-338,False,1,[0 0 0 ... 0 0 0],[0 0 0 ... 0 0 0]
61,dataset_yolo/autos_bw/auto061.png,data_21m/autos_bw/auto061_rep05.png,NJP-338,False,1,[0 0 0 ... 0 0 0],[0 0 0 ... 0 0 0]
61,dataset_yolo/autos_bw/auto061.png,data_21m/autos_bw/auto061_rep06.png,NJP-338,False,1,[0 0 0 ... 0 0 0],[0 0 0 ... 0 0 0]
62,dataset_yolo/autos_bw/auto062.png,data_21m/autos_bw/auto062_rep01.png,"HCM: 1,39",False,6,[1 1 1 ... 0 0 0],[1 1 1 ... 0 0 0]
62,dataset_yolo/autos_bw/auto062.png,data_21m/autos_bw/auto062_rep02.png,"HCM: 1,39",False,4,[1 1 1 ... 0 0 0],[1 1 1 ... 0 0 0]
62,dataset_yolo/autos_bw/auto062.png,data_21m/autos_bw/auto062_rep03.png,"HCM: 1,39",False,3,[1 1 1 ... 0 0 0],[1 1 1 ... 0 0 0]
62,dataset_yolo/autos_bw/auto062.png,data_21m/autos_bw/auto062_rep04.png,"HCM: 1,39",False,3,[1 1 1 ... 0 0 0],[1 1 1 ... 0 0 0]
62,dataset_yolo/autos_bw/auto062.png,data_21m/autos_bw/auto062_rep05.png,"HCM: 1,39",False,3,[1 1 1 ... 0 0 0],[1 1 1 ... 0 0 0]
62,dataset_yolo/autos_bw/auto062.png,data_21m/autos_bw/auto062_rep06.png,"HCM: 1,39",False,3,[1 1 1 ... 0 0 0],[1 1 1 ... 0 0 0]
62,dataset_yolo/autos_bw/auto062.png,data_21m/autos_bw/auto062_rep07.png,"HCM: 1,39",False,3,[1 1 1 ... 0 0 0],[1 1 1 ... 0 0 0]
62,dataset_yolo/autos_bw/auto062.png,data_21m/autos_bw/auto062_rep08.png,"HCM: 1,39",False,2,[1 1 1 ... 0 0 0],[1 1 1 ... 0 0 0]
62,dataset_yolo/autos_bw/auto062.png,data_21m/autos_bw/auto062_rep09.png,"HCM: 1,39",False,3,[1 1 1 ... 0 0 0],[1 1 1 ... 0 0 0]
62,dataset_yolo/autos_bw/auto062.png,data_21m/autos_bw/auto062_rep10.png,"HCM: 1,39",False,1,[1 1 1 ... 0 0 0],[1 1 1 ... 0 0 0]
62,dataset_yolo/autos_bw/auto062.png,data_21m/autos_bw/auto062_rep11.png,"HCM: 1,39",False,6,[1 1 1 ... 0 0 0],[1 1 1 ... 0 0 0]
63,dataset_yolo/autos_bw/auto063.png,data_21m/autos_bw/auto063_rep01.png,UCO 197,True,0,[0 0 0 ... 0 0 0],[0 0 0 ... 0 0 0]
63,dataset_yolo/autos_bw/auto063.png,data_21m/autos_bw/auto063_rep02.png,UCO 197,True,0,[0 0 0 ... 0 0 0],[0 0 0 ... 0 0 0]
63,dataset_yolo/autos_bw/auto063.png,data_21m/autos_bw/auto063_rep03.png,UCO 197,True,0,[0 0 0 ... 0 0 0],[0 0 0 ... 0 0 0]
63,dataset_yolo/autos_bw/auto063.png,data_21m/autos_bw/auto063_rep04.png,UCO 197,True,0,[0 0 0 ... 0 0 0],[0 0 0 ... 0 0 0]
64,dataset_yolo/autos_bw/auto064.png,data_21m/autos_bw/auto064_rep09.png,DDX699,True,0,[1 0 1 ... 0 0 0],[1 0 1 ... 0 0 0]
64,dataset_yolo/autos_bw/auto064.png,data_21m/autos_bw/auto064_rep10.png,DDX699,True,0,[1 0 1 ... 0 0 0],[1 0 1 ... 0 0 0]
64,dataset_yolo/autos_bw/auto064.png,data_21m/autos_bw/auto064_rep11.png,DDX699,True,0,[1 0 1 ... 0 0 0],[1 0 1 ... 0 0 0]
64,dataset_yolo/autos_bw/auto064.png,data_21m/autos_bw/auto064_rep12.png,DDX699,True,0,[1 0 1 ... 0 0 0],[1 0 1 ... 0 0 0]
64,dataset_yolo/autos_bw/auto064.png,data_21m/autos_bw/auto064_rep13.png,DDX699,True,0,[1 0 1 ... 0 0 0],[1 0 1 ... 0 0 0]
64,dataset_yolo/autos_bw/auto064.png,data_21m/autos_bw/auto064_rep14.png,DDX699,True,0,[1 0 1 ... 0 0 0],[1 0 1 ... 0 0 0]
64,dataset_yolo/autos_bw/auto064.png,data_21m/autos_bw/auto064_rep15.png,DDX699,True,0,[1 0 1 ... 0 0 0],[1 0 1 ... 0 0 0]
64,dataset_yolo/autos_bw/auto064.png,data_21m/autos_bw/auto064_rep16.png,DDX699,True,0,[1 0 1 ... 0 0 0],[1 0 1 ... 0 0 0]
64,dataset_yolo/autos_bw/auto064.png,data_21m/autos_bw/auto064_rep17.png,DDX699,True,0,[1 0 1 ... 0 0 0],[1 0 1 ... 0 0 0]
64,dataset_yolo/autos_bw/auto064.png,data_21m/autos_bw/auto064_rep18.png,DDX699,False,4,[1 0 1 ... 0 0 0],[1 0 1 ... 0 0 0]
16,dataset_yolo/autos_bw/auto016.png,data_21m/autos_bw/auto016_rep07.png,DAt:770,False,988,[1 1 1 ... 0 0 0],[0 0 0 ... 0 0 0]
16,dataset_yolo/autos_bw/auto016.png,data_21m/autos_bw/auto016_rep08.png,DAt:770,False,988,[1 1 1 ... 0 0 0],[0 0 0 ... 0 0 0]
65,dataset_yolo/autos_bw/auto065.png,data_21m/autos_bw/auto065_rep01.png,BRY 740,False,2,[0 0 0 ... 0 0 0],[0 0 0 ... 0 0 0]
65,dataset_yolo/autos_bw/auto065.png,data_21m/autos_bw/auto065_rep02.png,BRY 740,True,0,[0 0 0 ... 0 0 0],[0 0 0 ... 0 0 0]
65,dataset_yolo/autos_bw/auto065.png,data_21m/autos_bw/auto065_rep03.png,BRY 740,True,0,[0 0 0 ... 0 0 0],[0 0 0 ... 0 0 0]
65,dataset_yolo/autos_bw/auto065.png,data_21m/autos_bw/auto065_rep04.png,BRY 740,True,0,[0 0 0 ... 0 0 0],[0 0 0 ... 0 0 0]
65,dataset_yolo/autos_bw/auto065.png,data_21m/autos_bw/auto065_rep05.png,BRY 740,True,0,[0 0 0 ... 0 0 0],[0 0 0 ... 0 0 0]
65,dataset_yolo/autos_bw/auto065.png,data_21m/autos_bw/auto065_rep06.png,BRY 740,True,0,[0 0 0 ... 0 0 0],[0 0 0 ... 0 0 0]
65,dataset_yolo/autos_bw/auto065.png,data_21m/autos_bw/auto065_rep07.png,BRY 740,True,0,[0 0 0 ... 0 0 0],[0 0 0 ... 0 0 0]
65,dataset_yolo/autos_bw/auto065.png,data_21m/autos_bw/auto065_rep08.png,BRY 740,True,0,[0 0 0 ... 0 0 0],[0 0 0 ... 0 0 0]
65,dataset_yolo/autos_bw/auto065.png,data_21m/autos_bw/auto065_rep09.png,BRY 740,False,2,[0 0 0 ... 0 0 0],[0 0 0 ... 0 0 0]
65,dataset_yolo/autos_bw/auto065.png,data_21m/autos_bw/auto065_rep10.png,BRY 740,False,2,[0 0 0 ... 0 0 0],[0 0 0 ... 0 0 0]
67,dataset_yolo/autos_bw/auto067.png,data_21m/autos_bw/auto067_rep01.png,IrO 739,False,3,[1 1 0 ... 0 0 0],[1 1 0 ... 0 0 0]
67,dataset_yolo/autos_bw/auto067.png,data_21m/autos_bw/auto067_rep02.png,IrO 739,False,3,[1 1 0 ... 0 0 0],[1 1 0 ... 0 0 0]
67,dataset_yolo/autos_bw/auto067.png,data_21m/autos_bw/auto067_rep03.png,IrO 739,False,3,[1 1 0 ... 0 0 0],[1 1 0 ... 0 0 0]
67,dataset_yolo/autos_bw/auto067.png,data_21m/autos_bw/auto067_rep04.png,IrO 739,False,2,[1 1 0 ... 0 0 0],[1 1 0 ... 0 0 0]
67,dataset_yolo/autos_bw/auto067.png,data_21m/autos_bw/auto067_rep05.png,IrO 739,False,2,[1 1 0 ... 0 0 0],[1 1 0 ... 0 0 0]
67,dataset_yolo/autos_bw/auto067.png,data_21m/autos_bw/auto067_rep06.png,IrO 739,False,3,[1 1 0 ... 0 0 0],[1 1 0 ... 0 0 0]
67,dataset_yolo/autos_bw/auto067.png,data_21m/autos_bw/auto067_rep07.png,IrO 739,False,2,[1 1 0 ... 0 0 0],[1 1 0 ... 0 0 0]
67,dataset_yolo/autos_bw/auto067.png,data_21m/autos_bw/auto067_rep08.png,IrO 739,False,3,[1 1 0 ... 0 0 0],[1 1 0 ... 0 0 0]
67,dataset_yolo/autos_bw/auto067.png,data_21m/autos_bw/auto067_rep09.png,IrO 739,False,3,[1 1 0 ... 0 0 0],[1 1 0 ... 0 0 0]
67,dataset_yolo/autos_bw/auto067.png,data_21m/autos_bw/auto067_rep10.png,IrO 739,False,4,[1 1 0 ... 0 0 0],[1 1 0 ... 0 0 0]
67,dataset_yolo/autos_bw/auto067.png,data_21m/autos_bw/auto067_rep11.png,IrO 739,False,5,[1 1 0 ... 0 0 0],[1 1 0 ... 0 0 0]
2,dataset_yolo/autos_bw/auto002.png,data_21m/autos_bw/auto002_rep07.png,MAU.096,False,839,[0 0 0 ... 0 0 0],[0 0 1 ... 0 0 0]
2,dataset_yolo/autos_bw/auto002.png,data_21m/autos_bw/auto002_rep08.png,MAU.096,False,839,[0 0 0 ... 0 0 0],[0 0 1 ... 0 0 0]
68,dataset_yolo/autos_bw/auto068.png,data_21m/autos_bw/auto068_rep01.png,JVS 108,True,0,[0 0 1 ... 0 0 0],[0 0 1 ... 0 0 0]
68,dataset_yolo/autos_bw/auto068.png,data_21m/autos_bw/auto068_rep02.png,JVS 108,True,0,[0 0 1 ... 0 0 0],[0 0 1 ... 0 0 0]
68,dataset_yolo/autos_bw/auto068.png,data_21m/autos_bw/auto068_rep03.png,JVS 108,True,0,[0 0 1 ... 0 0 0],[0 0 1 ... 0 0 0]
68,dataset_yolo/autos_bw/auto068.png,data_21m/autos_bw/auto068_rep04.png,JVS 108,True,0,[0 0 1 ... 0 0 0],[0 0 1 ... 0 0 0]
68,dataset_yolo/autos_bw/auto068.png,data_21m/autos_bw/auto068_rep05.png,JVS 108,True,0,[0 0 1 ... 0 0 0],[0 0 1 ... 0 0 0]
68,dataset_yolo/autos_bw/auto068.png,data_21m/autos_bw/auto068_rep06.png,JVS 108,True,0,[0 0 1 ... 0 0 0],[0 0 1 ... 0 0 0]
68,dataset_yolo/autos_bw/auto068.png,data_21m/autos_bw/auto068_rep07.png,JVS 108,True,0,[0 0 1 ... 0 0 0],[0 0 1 ... 0 0 0]
68,dataset_yolo/autos_bw/auto068.png,data_21m/autos_bw/auto068_rep08.png,JVS 108,True,0,[0 0 1 ... 0 0 0],[0 0 1 ... 0 0 0]
68,dataset_yolo/autos_bw/auto068.png,data_21m/autos_bw/auto068_rep09.png,JVS 108,True,0,[0 0 1 ... 0 0 0],[0 0 1 ... 0 0 0]
68,dataset_yolo/autos_bw/auto068.png,data_21m/autos_bw/auto068_rep10.png,JVS 108,True,0,[0 0 1 ... 0 0 0],[0 0 1 ... 0 0 0]
69,dataset_yolo/autos_bw/auto069.png,data_21m/autos_bw/auto069_rep01.png,NHO 4.80,True,0,[0 0 0 ... 1 1 1],[0 0 0 ... 1 1 1]
69,dataset_yolo/autos_bw/auto069.png,data_21m/autos_bw/auto069_rep02.png,NHO 4.80,True,0,[0 0 0 ... 1 1 1],[0 0 0 ... 1 1 1]
70,dataset_yolo/autos_bw/auto070.png,data_21m/autos_bw/auto070_rep01.png,NLV 666,False,7,[0 0 0 ... 0 0 0],[0 0 0 ... 0 0 0]
70,dataset_yolo/autos_bw/auto070.png,data_21m/autos_bw/auto070_rep02.png,NLV 666,False,6,[0 0 0 ... 0 0 0],[0 0 0 ... 0 0 0]
70,dataset_yolo/autos_bw/auto070.png,data_21m/autos_bw/auto070_rep03.png,NLV 666,False,4,[0 0 0 ... 0 0 0],[0 0 0 ... 0 0 0]
70,dataset_yolo/autos_bw/auto070.png,data_21m/autos_bw/auto070_rep04.png,NLV 666,False,5,[0 0 0 ... 0 0 0],[0 0 0 ... 0 0 0]
70,dataset_yolo/autos_bw/auto070.png,data_21m/autos_bw/auto070_rep05.png,NLV 666,False,4,[0 0 0 ... 0 0 0],[0 0 0 ... 0 0 0]
70,dataset_yolo/autos_bw/auto070.png,data_21m/autos_bw/auto070_rep06.png,NLV 666,False,4,[0 0 0 ... 0 0 0],[0 0 0 ... 0 0 0]
70,dataset_yolo/autos_bw/auto070.png,data_21m/autos_bw/auto070_rep07.png,NLV 666,False,4,[0 0 0 ... 0 0 0],[0 0 0 ... 0 0 0]
70,dataset_yolo/autos_bw/auto070.png,data_21m/autos_bw/auto070_rep08.png,NLV 666,False,4,[0 0 0 ... 0 0 0],[0 0 0 ... 0 0 0]
70,dataset_yolo/autos_bw/auto070.png,data_21m/autos_bw/auto070_rep09.png,NLV 666,False,4,[0 0 0 ... 0 0 0],[0 0 0 ... 0 0 0]
70,dataset_yolo/autos_bw/auto070.png,data_21m/autos_bw/auto070_rep10.png,NLV 666,False,6,[0 0 0 ... 0 0 0],[0 0 0 ... 0 0 0]
70,dataset_yolo/autos_bw/auto070.png,data_21m/autos_bw/auto070_rep11.png,NLV 666,False,6,[0 0 0 ... 0 0 0],[0 0 0 ... 0 0 0]
70,dataset_yolo/autos_bw/auto070.png,data_21m/autos_bw/auto070_rep12.png,NLV 666,False,8,[0 0 0 ... 0 0 0],[0 0 0 ... 0 0 0]
71,dataset_yolo/autos_bw/auto071.png,data_21m/autos_bw/auto071_rep01.png,NCR.9?0,False,1,[0 1 1 ... 0 0 0],[0 1 1 ... 0 0 0]
71,dataset_yolo/autos_bw/auto071.png,data_21m/autos_bw/auto071_rep02.png,NCR.9?0,True,0,[0 1 1 ... 0 0 0],[0 1 1 ... 0 0 0]
71,dataset_yolo/autos_bw/auto071.png,data_21m/autos_bw/auto071_rep03.png,NCR.9?0,True,0,[0 1 1 ... 0 0 0],[0 1 1 ... 0 0 0]
71,dataset_yolo/autos_bw/auto071.png,data_21m/autos_bw/auto071_rep04.png,NCR.9?0,True,0,[0 1 1 ... 0 0 0],[0 1 1 ... 0 0 0]
71,dataset_yolo/autos_bw/auto071.png,data_21m/autos_bw/auto071_rep05.png,NCR.9?0,True,0,[0 1 1 ... 0 0 0],[0 1 1 ... 0 0 0]
71,dataset_yolo/autos_bw/auto071.png,data_21m/autos_bw/auto071_rep06.png,NCR.9?0,True,0,[0 1 1 ... 0 0 0],[0 1 1 ... 0 0 0]
71,dataset_yolo/autos_bw/auto071.png,data_21m/autos_bw/auto071_rep07.png,NCR.9?0,True,0,[0 1 1 ... 0 0 0],[0 1 1 ... 0 0 0]
71,dataset_yolo/autos_bw/auto071.png,data_21m/autos_bw/auto071_rep08.png,NCR.9?0,True,0,[0 1 1 ... 0 0 0],[0 1 1 ... 0 0 0]
72,dataset_yolo/autos_bw/auto072.png,data_21m/autos_bw/auto072_rep01.png,HAN557,True,0,[0 0 1 ... 0 0 0],[0 0 1 ... 0 0 0]
72,dataset_yolo/autos_bw/auto072.png,data_21m/autos_bw/auto072_rep02.png,HAN557,True,0,[0 0 1 ... 0 0 0],[0 0 1 ... 0 0 0]
72,dataset_yolo/autos_bw/auto072.png,data_21m/autos_bw/auto072_rep03.png,HAN557,True,0,[0 0 1 ... 0 0 0],[0 0 1 ... 0 0 0]
72,dataset_yolo/autos_bw/auto072.png,data_21m/autos_bw/auto072_rep04.png,HAN557,False,1,[0 0 1 ... 0 0 0],[0 0 1 ... 0 0 0]
72,dataset_yolo/autos_bw/auto072.png,data_21m/autos_bw/auto072_rep05.png,HAN557,False,1,[0 0 1 ... 0 0 0],[0 0 1 ... 0 0 0]
73,dataset_yolo/autos_bw/auto073.png,data_21m/autos_bw/auto073_rep01.png,RFX 436,False,3,[0 0 0 ... 0 0 0],[0 0 0 ... 0 0 0]
73,dataset_yolo/autos_bw/auto073.png,data_21m/autos_bw/auto073_rep02.png,RFX 436,False,3,[0 0 0 ... 0 0 0],[0 0 0 ... 0 0 0]
73,dataset_yolo/autos_bw/auto073.png,data_21m/autos_bw/auto073_rep03.png,RFX 436,False,3,[0 0 0 ... 0 0 0],[0 0 0 ... 0 0 0]
73,dataset_yolo/autos_bw/auto073.png,data_21m/autos_bw/auto073_rep04.png,RFX 436,False,2,[0 0 0 ... 0 0 0],[0 0 0 ... 0 0 0]
73,dataset_yolo/autos_bw/auto073.png,data_21m/autos_bw/auto073_rep05.png,RFX 436,False,3,[0 0 0 ... 0 0 0],[0 0 0 ... 0 0 0]
73,dataset_yolo/autos_bw/auto073.png,data_21m/autos_bw/auto073_rep06.png,RFX 436,False,4,[0 0 0 ... 0 0 0],[0 0 0 ... 0 0 0]
73,dataset_yolo/autos_bw/auto073.png,data_21m/autos_bw/auto073_rep07.png,RFX 436,False,4,[0 0 0 ... 0 0 0],[0 0 0 ... 0 0 0]
73,dataset_yolo/autos_bw/auto073.png,data_21m/autos_bw/auto073_rep08.png,RFX 436,False,4,[0 0 0 ... 0 0 0],[0 0 0 ... 0 0 0]
73,dataset_yolo/autos_bw/auto073.png,data_21m/autos_bw/auto073_rep09.png,RFX 436,False,4,[0 0 0 ... 0 0 0],[0 0 0 ... 0 0 0]
73,dataset_yolo/autos_bw/auto073.png,data_21m/autos_bw/auto073_rep10.png,RFX 436,False,4,[0 0 0 ... 0 0 0],[0 0 0 ... 0 0 0]
73,dataset_yolo/autos_bw/auto073.png,data_21m/autos_bw/auto073_rep11.png,RFX 436,False,4,[0 0 0 ... 0 0 0],[0 0 0 ... 0 0 0]
74,dataset_yolo/autos_bw/auto074.png,data_21m/autos_bw/auto074_rep01.png,GHY 347,True,0,[0 0 0 ... 0 0 0],[0 0 0 ... 0 0 0]
74,dataset_yolo/autos_bw/auto074.png,data_21m/autos_bw/auto074_rep02.png,GHY 347,True,0,[0 0 0 ... 0 0 0],[0 0 0 ... 0 0 0]
74,dataset_yolo/autos_bw/auto074.png,data_21m/autos_bw/auto074_rep03.png,GHY 347,True,0,[0 0 0 ... 0 0 0],[0 0 0 ... 0 0 0]
74,dataset_yolo/autos_bw/auto074.png,data_21m/autos_bw/auto074_rep04.png,GHY 347,True,0,[0 0 0 ... 0 0 0],[0 0 0 ... 0 0 0]
74,dataset_yolo/autos_bw/auto074.png,data_21m/autos_bw/auto074_rep05.png,GHY 347,True,0,[0 0 0 ... 0 0 0],[0 0 0 ... 0 0 0]
75,dataset_yolo/autos_bw/auto075.png,data_21m/autos_bw/auto075_rep01.png,UMU 904,True,0,[0 0 0 ... 0 0 0],[0 0 0 ... 0 0 0]
75,dataset_yolo/autos_bw/auto075.png,data_21m/autos_bw/auto075_rep02.png,UMU 904,True,0,[0 0 0 ... 0 0 0],[0 0 0 ... 0 0 0]
75,dataset_yolo/autos_bw/auto075.png,data_21m/autos_bw/auto075_rep03.png,UMU 904,True,0,[0 0 0 ... 0 0 0],[0 0 0 ... 0 0 0]
75,dataset_yolo/autos_bw/auto075.png,data_21m/autos_bw/auto075_rep04.png,UMU 904,True,0,[0 0 0 ... 0 0 0],[0 0 0 ... 0 0 0]
75,dataset_yolo/autos_bw/auto075.png,data_21m/autos_bw/auto075_rep05.png,UMU 904,True,0,[0 0 0 ... 0 0 0],[0 0 0 ... 0 0 0]
75,dataset_yolo/autos_bw/auto075.png,data_21m/autos_bw/auto075_rep06.png,UMU 904,True,0,[0 0 0 ... 0 0 0],[0 0 0 ... 0 0 0]
76,dataset_yolo/autos_bw/auto076.png,data_21m/autos_bw/auto076_rep01.png,DOT 839,True,0,[0 1 1 ... 0 0 0],[0 1 1 ... 0 0 0]
76,dataset_yolo/autos_bw/auto076.png,data_21m/autos_bw/auto076_rep02.png,DOT 839,True,0,[0 1 1 ... 0 0 0],[0 1 1 ... 0 0 0]
76,dataset_yolo/autos_bw/auto076.png,data_21m/autos_bw/auto076_rep03.png,DOT 839,True,0,[0 1 1 ... 0 0 0],[0 1 1 ... 0 0 0]
76,dataset_yolo/autos_bw/auto076.png,data_21m/autos_bw/auto076_rep04.png,DOT 839,True,0,[0 1 1 ... 0 0 0],[0 1 1 ... 0 0 0]
76,dataset_yolo/autos_bw/auto076.png,data_21m/autos_bw/auto076_rep05.png,DOT 839,True,0,[0 1 1 ... 0 0 0],[0 1 1 ... 0 0 0]
76,dataset_yolo/autos_bw/auto076.png,data_21m/autos_bw/auto076_rep06.png,DOT 839,True,0,[0 1 1 ... 0 0 0],[0 1 1 ... 0 0 0]
76,dataset_yolo/autos_bw/auto076.png,data_21m/autos_bw/auto076_rep07.png,DOT 839,True,0,[0 1 1 ... 0 0 0],[0 1 1 ... 0 0 0]
76,dataset_yolo/autos_bw/auto076.png,data_21m/autos_bw/auto076_rep08.png,DOT 839,True,0,[0 1 1 ... 0 0 0],[0 1 1 ... 0 0 0]
76,dataset_yolo/autos_bw/auto076.png,data_21m/autos_bw/auto076_rep09.png,DOT 839,True,0,[0 1 1 ... 0 0 0],[0 1 1 ... 0 0 0]
76,dataset_yolo/autos_bw/auto076.png,data_21m/autos_bw/auto076_rep10.png,DOT 839,True,0,[0 1 1 ... 0 0 0],[0 1 1 ... 0 0 0]
76,dataset_yolo/autos_bw/auto076.png,data_21m/autos_bw/auto076_rep11.png,DOT 839,True,0,[0 1 1 ... 0 0 0],[0 1 1 ... 0 0 0]
76,dataset_yolo/autos_bw/auto076.png,data_21m/autos_bw/auto076_rep12.png,DOT 839,True,0,[0 1 1 ... 0 0 0],[0 1 1 ... 0 0 0]
77,dataset_yolo/autos_bw/auto077.png,data_21m/autos_bw/auto077_rep01.png,ULZ 489,True,0,[0 0 0 ... 0 1 1],[0 0 0 ... 0 1 1]
77,dataset_yolo/autos_bw/auto077.png,data_21m/autos_bw/auto077_rep02.png,ULZ 489,True,0,[0 0 0 ... 0 1 1],[0 0 0 ... 0 1 1]
77,dataset_yolo/autos_bw/auto077.png,data_21m/autos_bw/auto077_rep03.png,ULZ 489,True,0,[0 0 0 ... 0 1 1],[0 0 0 ... 0 1 1]
77,dataset_yolo/autos_bw/auto077.png,data_21m/autos_bw/auto077_rep04.png,ULZ 489,True,0,[0 0 0 ... 0 1 1],[0 0 0 ... 0 1 1]
78,dataset_yolo/autos_bw/auto078.png,data_21m/autos_bw/auto078_rep01.png,HJU 297,True,0,[1 1 1 ... 0 0 0],[1 1 1 ... 0 0 0]
78,dataset_yolo/autos_bw/auto078.png,data_21m/autos_bw/auto078_rep02.png,HJU 297,True,0,[1 1 1 ... 0 0 0],[1 1 1 ... 0 0 0]
78,dataset_yolo/autos_bw/auto078.png,data_21m/autos_bw/auto078_rep03.png,HJU 297,True,0,[1 1 1 ... 0 0 0],[1 1 1 ... 0 0 0]
78,dataset_yolo/autos_bw/auto078.png,data_21m/autos_bw/auto078_rep04.png,HJU 297,True,0,[1 1 1 ... 0 0 0],[1 1 1 ... 0 0 0]
78,dataset_yolo/autos_bw/auto078.png,data_21m/autos_bw/auto078_rep05.png,HJU 297,False,3,[1 1 1 ... 0 0 0],[1 1 1 ... 0 0 0]
78,dataset_yolo/autos_bw/auto078.png,data_21m/autos_bw/auto078_rep06.png,HJU 297,False,3,[1 1 1 ... 0 0 0],[1 1 1 ... 0 0 0]
78,dataset_yolo/autos_bw/auto078.png,data_21m/autos_bw/auto078_rep07.png,HJU 297,False,5,[1 1 1 ... 0 0 0],[1 1 1 ... 0 0 0]
78,dataset_yolo/autos_bw/auto078.png,data_21m/autos_bw/auto078_rep08.png,HJU 297,False,12,[1 1 1 ... 0 0 0],[1 1 1 ... 0 0 0]
79,dataset_yolo/autos_bw/auto079.png,data_21m/autos_bw/auto079_rep01.png,DGO 550,True,0,[0 0 0 ... 1 1 1],[0 0 0 ... 1 1 1]
79,dataset_yolo/autos_bw/auto079.png,data_21m/autos_bw/auto079_rep02.png,DGO 550,True,0,[0 0 0 ... 1 1 1],[0 0 0 ... 1 1 1]
79,dataset_yolo/autos_bw/auto079.png,data_21m/autos_bw/auto079_rep03.png,DGO 550,True,0,[0 0 0 ... 1 1 1],[0 0 0 ... 1 1 1]
79,dataset_yolo/autos_bw/auto079.png,data_21m/autos_bw/auto079_rep04.png,DGO 550,True,0,[0 0 0 ... 1 1 1],[0 0 0 ... 1 1 1]
79,dataset_yolo/autos_bw/auto079.png,data_21m/autos_bw/auto079_rep05.png,DGO 550,True,0,[0 0 0 ... 1 1 1],[0 0 0 ... 1 1 1]
79,dataset_yolo/autos_bw/auto079.png,data_21m/autos_bw/auto079_rep06.png,DGO 550,True,0,[0 0 0 ... 1 1 1],[0 0 0 ... 1 1 1]
79,dataset_yolo/autos_bw/auto079.png,data_21m/autos_bw/auto079_rep07.png,DGO 550,True,0,[0 0 0 ... 1 1 1],[0 0 0 ... 1 1 1]
79,dataset_yolo/autos_bw/auto079.png,data_21m/autos_bw/auto079_rep08.png,DGO 550,True,0,[0 0 0 ... 1 1 1],[0 0 0 ... 1 1 1]
79,dataset_yolo/autos_bw/auto079.png,data_21m/autos_bw/auto079_rep09.png,DGO 550,True,0,[0 0 0 ... 1 1 1],[0 0 0 ... 1 1 1]
79,dataset_yolo/autos_bw/auto079.png,data_21m/autos_bw/auto079_rep10.png,DGO 550,True,0,[0 0 0 ... 1 1 1],[0 0 0 ... 1 1 1]
79,dataset_yolo/autos_bw/auto079.png,data_21m/autos_bw/auto079_rep11.png,DGO 550,True,0,[0 0 0 ... 1 1 1],[0 0 0 ... 1 1 1]
79,dataset_yolo/autos_bw/auto079.png,data_21m/autos_bw/auto079_rep12.png,DGO 550,False,3,[0 0 0 ... 1 1 1],[0 0 0 ... 1 1 1]
80,dataset_yolo/autos_bw/auto080.png,data_21m/autos_bw/auto080_rep01.png,CVN 829,True,0,[0 0 0 ... 0 0 0],[0 0 0 ... 0 0 0]
80,dataset_yolo/autos_bw/auto080.png,data_21m/autos_bw/auto080_rep02.png,CVN 829,True,0,[0 0 0 ... 0 0 0],[0 0 0 ... 0 0 0]
81,dataset_yolo/autos_bw/auto081.png,data_21m/autos_bw/auto081_rep01.png,IyN 155,True,0,[0 0 0 ... 0 0 0],[0 0 0 ... 0 0 0]
81,dataset_yolo/autos_bw/auto081.png,data_21m/autos_bw/auto081_rep02.png,IyN 155,True,0,[0 0 0 ... 0 0 0],[0 0 0 ... 0 0 0]
81,dataset_yolo/autos_bw/auto081.png,data_21m/autos_bw/auto081_rep03.png,IyN 155,True,0,[0 0 0 ... 0 0 0],[0 0 0 ... 0 0 0]
81,dataset_yolo/autos_bw/auto081.png,data_21m/autos_bw/auto081_rep04.png,IyN 155,True,0,[0 0 0 ... 0 0 0],[0 0 0 ... 0 0 0]
81,dataset_yolo/autos_bw/auto081.png,data_21m/autos_bw/auto081_rep05.png,IyN 155,True,0,[0 0 0 ... 0 0 0],[0 0 0 ... 0 0 0]
81,dataset_yolo/autos_bw/auto081.png,data_21m/autos_bw/auto081_rep06.png,IyN 155,True,0,[0 0 0 ... 0 0 0],[0 0 0 ... 0 0 0]
81,dataset_yolo/autos_bw/auto081.png,data_21m/autos_bw/auto081_rep07.png,IyN 155,True,0,[0 0 0 ... 0 0 0],[0 0 0 ... 0 0 0]
81,dataset_yolo/autos_bw/auto081.png,data_21m/autos_bw/auto081_rep08.png,IyN 155,False,1,[0 0 0 ... 0 0 0],[0 0 0 ... 0 0 0]
65,dataset_yolo/autos_bw/auto065.png,data_21m/autos_bw/auto065_rep11.png,BRY 740,False,753,[0 0 0 ... 0 0 0],[0 0 0 ... 0 0 0]
65,dataset_yolo/autos_bw/auto065.png,data_21m/autos_bw/auto065_rep12.png,BRY 740,False,748,[0 0 0 ... 0 0 0],[0 0 0 ... 0 0 0]
82,dataset_yolo/autos_bw/auto082.png,data_21m/autos_bw/auto082_rep01.png,MCZ-107,False,4,[0 0 0 ... 0 0 0],[0 0 0 ... 0 0 0]
82,dataset_yolo/autos_bw/auto082.png,data_21m/autos_bw/auto082_rep02.png,MCZ-107,False,4,[0 0 0 ... 0 0 0],[0 0 0 ... 0 0 0]
82,dataset_yolo/autos_bw/auto082.png,data_21m/autos_bw/auto082_rep03.png,MCZ-107,False,4,[0 0 0 ... 0 0 0],[0 0 0 ... 0 0 0]
82,dataset_yolo/autos_bw/auto082.png,data_21m/autos_bw/auto082_rep04.png,MCZ-107,False,4,[0 0 0 ... 0 0 0],[0 0 0 ... 0 0 0]
82,dataset_yolo/autos_bw/auto082.png,data_21m/autos_bw/auto082_rep05.png,MCZ-107,False,4,[0 0 0 ... 0 0 0],[0 0 0 ... 0 0 0]
82,dataset_yolo/autos_bw/auto082.png,data_21m/autos_bw/auto082_rep06.png,MCZ-107,False,4,[0 0 0 ... 0 0 0],[0 0 0 ... 0 0 0]
82,dataset_yolo/autos_bw/auto082.png,data_21m/autos_bw/auto082_rep07.png,MCZ-107,False,5,[0 0 0 ... 0 0 0],[0 0 0 ... 0 0 0]
82,dataset_yolo/autos_bw/auto082.png,data_21m/autos_bw/auto082_rep08.png,MCZ-107,False,5,[0 0 0 ... 0 0 0],[0 0 0 ... 0 0 0]
82,dataset_yolo/autos_bw/auto082.png,data_21m/autos_bw/auto082_rep09.png,MCZ-107,False,5,[0 0 0 ... 0 0 0],[0 0 0 ... 0 0 0]
82,dataset_yolo/autos_bw/auto082.png,data_21m/autos_bw/auto082_rep10.png,MCZ-107,False,5,[0 0 0 ... 0 0 0],[0 0 0 ... 0 0 0]
82,dataset_yolo/autos_bw/auto082.png,data_21m/autos_bw/auto082_rep11.png,MCZ-107,False,5,[0 0 0 ... 0 0 0],[0 0 0 ... 0 0 0]
82,dataset_yolo/autos_bw/auto082.png,data_21m/autos_bw/auto082_rep12.png,MCZ-107,False,5,[0 0 0 ... 0 0 0],[0 0 0 ... 0 0 0]
82,dataset_yolo/autos_bw/auto082.png,data_21m/autos_bw/auto082_rep13.png,MCZ-107,False,5,[0 0 0 ... 0 0 0],[0 0 0 ... 0 0 0]
83,dataset_yolo/autos_bw/auto083.png,data_21m/autos_bw/auto083_rep01.png,EJY248,True,0,[1 1 1 ... 0 0 0],[1 1 1 ... 0 0 0]
84,dataset_yolo/autos_bw/auto084.png,data_21m/autos_bw/auto084_rep01.png,MBP-1 64,False,7,[1 1 1 ... 1 0 0],[1 1 1 ... 1 0 0]
84,dataset_yolo/autos_bw/auto084.png,data_21m/autos_bw/auto084_rep02.png,MBP-1 64,False,7,[1 1 1 ... 1 0 0],[1 1 1 ... 1 0 0]
84,dataset_yolo/autos_bw/auto084.png,data_21m/autos_bw/auto084_rep03.png,MBP-1 64,False,7,[1 1 1 ... 1 0 0],[1 1 1 ... 1 0 0]
84,dataset_yolo/autos_bw/auto084.png,data_21m/autos_bw/auto084_rep04.png,MBP-1 64,False,5,[1 1 1 ... 1 0 0],[1 1 1 ... 1 0 0]
84,dataset_yolo/autos_bw/auto084.png,data_21m/autos_bw/auto084_rep05.png,MBP-1 64,False,6,[1 1 1 ... 1 0 0],[1 1 1 ... 1 0 0]
84,dataset_yolo/autos_bw/auto084.png,data_21m/autos_bw/auto084_rep06.png,MBP-1 64,False,6,[1 1 1 ... 1 0 0],[1 1 1 ... 1 0 0]
84,dataset_yolo/autos_bw/auto084.png,data_21m/autos_bw/auto084_rep07.png,MBP-1 64,False,9,[1 1 1 ... 1 0 0],[1 1 1 ... 1 0 0]
84,dataset_yolo/autos_bw/auto084.png,data_21m/autos_bw/auto084_rep08.png,MBP-1 64,False,6,[1 1 1 ... 1 0 0],[1 1 1 ... 1 0 0]
84,dataset_yolo/autos_bw/auto084.png,data_21m/autos_bw/auto084_rep09.png,MBP-1 64,False,8,[1 1 1 ... 1 0 0],[1 1 1 ... 1 0 0]
80,dataset_yolo/autos_bw/auto080.png,data_21m/autos_bw/auto080_rep03.png,CVN 829,False,725,[0 0 0 ... 0 0 0],[1 1 1 ... 1 0 0]
80,dataset_yolo/autos_bw/auto080.png,data_21m/autos_bw/auto080_rep04.png,CVN 829,False,724,[0 0 0 ... 0 0 0],[1 1 1 ... 1 0 0]
64,dataset_yolo/autos_bw/auto064.png,data_21m/autos_bw/auto064_rep19.png,DDX699,False,733,[1 0 1 ... 0 0 0],[1 1 1 ... 1 0 0]
65,dataset_yolo/autos_bw/auto065.png,data_21m/autos_bw/auto065_rep13.png,BRY 740,False,732,[0 0 0 ... 0 0 0],[0 0 0 ... 1 1 0]
65,dataset_yolo/autos_bw/auto065.png,data_21m/autos_bw/auto065_rep14.png,BRY 740,False,732,[0 0 0 ... 0 0 0],[0 0 0 ... 1 1 0]
65,dataset_yolo/autos_bw/auto065.png,data_21m/autos_bw/auto065_rep15.png,BRY 740,False,732,[0 0 0 ... 0 0 0],[0 0 0 ... 1 1 0]
65,dataset_yolo/autos_bw/auto065.png,data_21m/autos_bw/auto065_rep16.png,BRY 740,False,732,[0 0 0 ... 0 0 0],[0 0 0 ... 1 1 0]
65,dataset_yolo/autos_bw/auto065.png,data_21m/autos_bw/auto065_rep17.png,BRY 740,False,732,[0 0 0 ... 0 0 0],[0 0 0 ... 1 1 0]
65,dataset_yolo/autos_bw/auto065.png,data_21m/autos_bw/auto065_rep18.png,BRY 740,False,732,[0 0 0 ... 0 0 0],[0 0 0 ... 1 1 0]
65,dataset_yolo/autos_bw/auto065.png,data_21m/autos_bw/auto065_rep19.png,BRY 740,False,732,[0 0 0 ... 0 0 0],[0 0 0 ... 1 1 0]
64,dataset_yolo/autos_bw/auto064.png,data_21m/autos_bw/auto064_rep20.png,DDX699,False,658,[1 0 1 ... 0 0 0],[0 0 0 ... 1 1 0]
64,dataset_yolo/autos_bw/auto064.png,data_21m/autos_bw/auto064_rep21.png,DDX699,False,658,[1 0 1 ... 0 0 0],[0 0 0 ... 1 1 0]
64,dataset_yolo/autos_bw/auto064.png,data_21m/autos_bw/auto064_rep22.png,DDX699,False,660,[1 0 1 ... 0 0 0],[0 0 0 ... 1 1 0]
86,dataset_yolo/autos_bw/auto086.png,data_21m/autos_bw/auto086_rep01.png,PDR 1651,False,2,[0 0 1 ... 0 0 0],[0 0 1 ... 0 0 0]
87,dataset_yolo/autos_bw/auto087.png,data_21m/autos_bw/auto087_rep01.png,URV 180,True,0,[0 0 0 ... 1 1 1],[0 0 0 ... 1 1 1]
87,dataset_yolo/autos_bw/auto087.png,data_21m/autos_bw/auto087_rep02.png,URV 180,True,0,[0 0 0 ... 1 1 1],[0 0 0 ... 1 1 1]
87,dataset_yolo/autos_bw/auto087.png,data_21m/autos_bw/auto087_rep03.png,URV 180,True,0,[0 0 0 ... 1 1 1],[0 0 0 ... 1 1 1]
87,dataset_yolo/autos_bw/auto087.png,data_21m/autos_bw/auto087_rep04.png,URV 180,True,0,[0 0 0 ... 1 1 1],[0 0 0 ... 1 1 1]
87,dataset_yolo/autos_bw/auto087.png,data_21m/autos_bw/auto087_rep05.png,URV 180,True,0,[0 0 0 ... 1 1 1],[0 0 0 ... 1 1 1]
87,dataset_yolo/autos_bw/auto087.png,data_21m/autos_bw/auto087_rep06.png,URV 180,True,0,[0 0 0 ... 1 1 1],[0 0 0 ... 1 1 1]
87,dataset_yolo/autos_bw/auto087.png,data_21m/autos_bw/auto087_rep07.png,URV 180,True,0,[0 0 0 ... 1 1 1],[0 0 0 ... 1 1 1]
87,dataset_yolo/autos_bw/auto087.png,data_21m/autos_bw/auto087_rep08.png,URV 180,True,0,[0 0 0 ... 1 1 1],[0 0 0 ... 1 1 1]
87,dataset_yolo/autos_bw/auto087.png,data_21m/autos_bw/auto087_rep09.png,URV 180,True,0,[0 0 0 ... 1 1 1],[0 0 0 ... 1 1 1]
87,dataset_yolo/autos_bw/auto087.png,data_21m/autos_bw/auto087_rep10.png,URV 180,True,0,[0 0 0 ... 1 1 1],[0 0 0 ... 1 1 1]
87,dataset_yolo/autos_bw/auto087.png,data_21m/autos_bw/auto087_rep11.png,URV 180,True,0,[0 0 0 ... 1 1 1],[0 0 0 ... 1 1 1]
83,dataset_yolo/autos_bw/auto083.png,data_21m/autos_bw/auto083_rep02.png,EJY248,False,622,[1 1 1 ... 0 0 0],[0 0 0 ... 1 1 1]
64,dataset_yolo/autos_bw/auto064.png,data_21m/autos_bw/auto064_rep23.png,DDX699,False,765,[1 0 1 ... 0 0 0],[0 0 0 ... 0 0 0]
64,dataset_yolo/autos_bw/auto064.png,data_21m/autos_bw/auto064_rep24.png,DDX699,False,765,[1 0 1 ... 0 0 0],[0 0 0 ... 0 0 0]
64,dataset_yolo/autos_bw/auto064.png,data_21m/autos_bw/auto064_rep25.png,DDX699,False,765,[1 0 1 ... 0 0 0],[0 0 0 ... 0 0 0]
88,dataset_yolo/autos_bw/auto088.png,data_21m/autos_bw/auto088_rep01.png,URX308,True,0,[0 0 0 ... 0 0 0],[0 0 0 ... 0 0 0]
88,dataset_yolo/autos_bw/auto088.png,data_21m/autos_bw/auto088_rep02.png,URX308,True,0,[0 0 0 ... 0 0 0],[0 0 0 ... 0 0 0]
88,dataset_yolo/autos_bw/auto088.png,data_21m/autos_bw/auto088_rep03.png,URX308,True,0,[0 0 0 ... 0 0 0],[0 0 0 ... 0 0 0]
88,dataset_yolo/autos_bw/auto088.png,data_21m/autos_bw/auto088_rep04.png,URX308,True,0,[0 0 0 ... 0 0 0],[0 0 0 ... 0 0 0]
88,dataset_yolo/autos_bw/auto088.png,data_21m/autos_bw/auto088_rep05.png,URX308,True,0,[0 0 0 ... 0 0 0],[0 0 0 ... 0 0 0]
88,dataset_yolo/autos_bw/auto088.png,data_21m/autos_bw/auto088_rep06.png,URX308,True,0,[0 0 0 ... 0 0 0],[0 0 0 ... 0 0 0]
88,dataset_yolo/autos_bw/auto088.png,data_21m/autos_bw/auto088_rep07.png,URX308,True,0,[0 0 0 ... 0 0 0],[0 0 0 ... 0 0 0]
88,dataset_yolo/autos_bw/auto088.png,data_21m/autos_bw/auto088_rep08.png,URX308,True,0,[0 0 0 ... 0 0 0],[0 0 0 ... 0 0 0]
88,dataset_yolo/autos_bw/auto088.png,data_21m/autos_bw/auto088_rep09.png,URX308,True,0,[0 0 0 ... 0 0 0],[0 0 0 ... 0 0 0]
89,dataset_yolo/autos_bw/auto089.png,data_21m/autos_bw/auto089_rep02.png,NuK 507,True,0,[0 0 1 ... 0 0 0],[0 0 1 ... 0 0 0]
89,dataset_yolo/autos_bw/auto089.png,data_21m/autos_bw/auto089_rep03.png,NuK 507,True,0,[0 0 1 ... 0 0 0],[0 0 1 ... 0 0 0]
90,dataset_yolo/autos_bw/auto090.png,data_21m/autos_bw/auto090_rep01.png,HKR157,True,0,[0 0 0 ... 0 0 0],[0 0 0 ... 0 0 0]
90,dataset_yolo/autos_bw/auto090.png,data_21m/autos_bw/auto090_rep02.png,HKR157,True,0,[0 0 0 ... 0 0 0],[0 0 0 ... 0 0 0]
90,dataset_yolo/autos_bw/auto090.png,data_21m/autos_bw/auto090_rep03.png,HKR157,True,0,[0 0 0 ... 0 0 0],[0 0 0 ... 0 0 0]
90,dataset_yolo/autos_bw/auto090.png,data_21m/autos_bw/auto090_rep04.png,HKR157,True,0,[0 0 0 ... 0 0 0],[0 0 0 ... 0 0 0]
90,dataset_yolo/autos_bw/auto090.png,data_21m/autos_bw/auto090_rep05.png,HKR157,True,0,[0 0 0 ... 0 0 0],[0 0 0 ... 0 0 0]
90,dataset_yolo/autos_bw/auto090.png,data_21m/autos_bw/auto090_rep06.png,HKR157,True,0,[0 0 0 ... 0 0 0],[0 0 0 ... 0 0 0]
90,dataset_yolo/autos_bw/auto090.png,data_21m/autos_bw/auto090_rep07.png,HKR157,True,0,[0 0 0 ... 0 0 0],[0 0 0 ... 0 0 0]
90,dataset_yolo/autos_bw/auto090.png,data_21m/autos_bw/auto090_rep08.png,HKR157,True,0,[0 0 0 ... 0 0 0],[0 0 0 ... 0 0 0]
90,dataset_yolo/autos_bw/auto090.png,data_21m/autos_bw/auto090_rep09.png,HKR157,True,0,[0 0 0 ... 0 0 0],[0 0 0 ... 0 0 0]
90,dataset_yolo/autos_bw/auto090.png,data_21m/autos_bw/auto090_rep10.png,HKR157,True,0,[0 0 0 ... 0 0 0],[0 0 0 ... 0 0 0]
90,dataset_yolo/autos_bw/auto090.png,data_21m/autos_bw/auto090_rep11.png,HKR157,True,0,[0 0 0 ... 0 0 0],[0 0 0 ... 0 0 0]
90,dataset_yolo/autos_bw/auto090.png,data_21m/autos_bw/auto090_rep12.png,HKR157,True,0,[0 0 0 ... 0 0 0],[0 0 0 ... 0 0 0]
90,dataset_yolo/autos_bw/auto090.png,data_21m/autos_bw/auto090_rep13.png,HKR157,True,0,[0 0 0 ... 0 0 0],[0 0 0 ... 0 0 0]
91,dataset_yolo/autos_bw/auto091.png,data_21m/autos_bw/auto091_rep01.png,NLS 145,True,0,[1 1 1 ... 0 0 0],[1 1 1 ... 0 0 0]
91,dataset_yolo/autos_bw/auto091.png,data_21m/autos_bw/auto091_rep02.png,NLS 145,True,0,[1 1 1 ... 0 0 0],[1 1 1 ... 0 0 0]
91,dataset_yolo/autos_bw/auto091.png,data_21m/autos_bw/auto091_rep03.png,NLS 145,True,0,[1 1 1 ... 0 0 0],[1 1 1 ... 0 0 0]
91,dataset_yolo/autos_bw/auto091.png,data_21m/autos_bw/auto091_rep04.png,NLS 145,True,0,[1 1 1 ... 0 0 0],[1 1 1 ... 0 0 0]
91,dataset_yolo/autos_bw/auto091.png,data_21m/autos_bw/auto091_rep05.png,NLS 145,True,0,[1 1 1 ... 0 0 0],[1 1 1 ... 0 0 0]
91,dataset_yolo/autos_bw/auto091.png,data_21m/autos_bw/auto091_rep06.png,NLS 145,True,0,[1 1 1 ... 0 0 0],[1 1 1 ... 0 0 0]
91,dataset_yolo/autos_bw/auto091.png,data_21m/autos_bw/auto091_rep07.png,NLS 145,True,0,[1 1 1 ... 0 0 0],[1 1 1 ... 0 0 0]
91,dataset_yolo/autos_bw/auto091.png,data_21m/autos_bw/auto091_rep08.png,NLS 145,True,0,[1 1 1 ... 0 0 0],[1 1 1 ... 0 0 0]
92,dataset_yolo/autos_bw/auto092.png,data_21m/autos_bw/auto092_rep01.png,EVU-040,True,0,[0 0 0 ... 0 0 0],[0 0 0 ... 0 0 0]
92,dataset_yolo/autos_bw/auto092.png,data_21m/autos_bw/auto092_rep02.png,EVU-040,True,0,[0 0 0 ... 0 0 0],[0 0 0 ... 0 0 0]
92,dataset_yolo/autos_bw/auto092.png,data_21m/autos_bw/auto092_rep03.png,EVU-040,False,1,[0 0 0 ... 0 0 0],[0 0 0 ... 0 0 0]
76,dataset_yolo/autos_bw/auto076.png,data_21m/autos_bw/auto076_rep13.png,DOT 839,False,859,[0 1 1 ... 0 0 0],[0 0 0 ... 0 0 0]
76,dataset_yolo/autos_bw/auto076.png,data_21m/autos_bw/auto076_rep14.png,DOT 839,False,863,[0 1 1 ... 0 0 0],[0 0 0 ... 0 0 0]
93,dataset_yolo/autos_bw/auto093.png,data_21m/autos_bw/auto093_rep01.png,UXK 776,True,0,[0 0 0 ... 1 1 1],[0 0 0 ... 1 1 1]
93,dataset_yolo/autos_bw/auto093.png,data_21m/autos_bw/auto093_rep02.png,UXK 776,True,0,[0 0 0 ... 1 1 1],[0 0 0 ... 1 1 1]
93,dataset_yolo/autos_bw/auto093.png,data_21m/autos_bw/auto093_rep03.png,UXK 776,True,0,[0 0 0 ... 1 1 1],[0 0 0 ... 1 1 1]
93,dataset_yolo/autos_bw/auto093.png,data_21m/autos_bw/auto093_rep04.png,UXK 776,True,0,[0 0 0 ... 1 1 1],[0 0 0 ... 1 1 1]
93,dataset_yolo/autos_bw/auto093.png,data_21m/autos_bw/auto093_rep05.png,UXK 776,True,0,[0 0 0 ... 1 1 1],[0 0 0 ... 1 1 1]
93,dataset_yolo/autos_bw/auto093.png,data_21m/autos_bw/auto093_rep06.png,UXK 776,True,0,[0 0 0 ... 1 1 1],[0 0 0 ... 1 1 1]
93,dataset_yolo/autos_bw/auto093.png,data_21m/autos_bw/auto093_rep07.png,UXK 776,True,0,[0 0 0 ... 1 1 1],[0 0 0 ... 1 1 1]
93,dataset_yolo/autos_bw/auto093.png,data_21m/autos_bw/auto093_rep08.png,UXK 776,True,0,[0 0 0 ... 1 1 1],[0 0 0 ... 1 1 1]
93,dataset_yolo/autos_bw/auto093.png,data_21m/autos_bw/auto093_rep09.png,UXK 776,True,0,[0 0 0 ... 1 1 1],[0 0 0 ... 1 1 1]
93,dataset_yolo/autos_bw/auto093.png,data_21m/autos_bw/auto093_rep10.png,UXK 776,True,0,[0 0 0 ... 1 1 1],[0 0 0 ... 1 1 1]
93,dataset_yolo/autos_bw/auto093.png,data_21m/autos_bw/auto093_rep11.png,UXK 776,True,0,[0 0 0 ... 1 1 1],[0 0 0 ... 1 1 1]
77,dataset_yolo/autos_bw/auto077.png,data_21m/autos_bw/auto077_rep05.png,ULZ 489,False,770,[0 0 0 ... 0 1 1],[0 0 0 ... 1 1 1]
94,dataset_yolo/autos_bw/auto094.png,data_21m/autos_bw/auto094_rep01.png,NCL-217,False,1,[0 0 0 ... 0 0 0],[0 0 0 ... 0 0 0]
94,dataset_yolo/autos_bw/auto094.png,data_21m/autos_bw/auto094_rep02.png,NCL-217,True,0,[0 0 0 ... 0 0 0],[0 0 0 ... 0 0 0]
94,dataset_yolo/autos_bw/auto094.png,data_21m/autos_bw/auto094_rep03.png,NCL-217,True,0,[0 0 0 ... 0 0 0],[0 0 0 ... 0 0 0]
94,dataset_yolo/autos_bw/auto094.png,data_21m/autos_bw/auto094_rep04.png,NCL-217,True,0,[0 0 0 ... 0 0 0],[0 0 0 ... 0 0 0]
94,dataset_yolo/autos_bw/auto094.png,data_21m/autos_bw/auto094_rep05.png,NCL-217,True,0,[0 0 0 ... 0 0 0],[0 0 0 ... 0 0 0]
94,dataset_yolo/autos_bw/auto094.png,data_21m/autos_bw/auto094_rep06.png,NCL-217,True,0,[0 0 0 ... 0 0 0],[0 0 0 ... 0 0 0]
94,dataset_yolo/autos_bw/auto094.png,data_21m/autos_bw/auto094_rep07.png,NCL-217,True,0,[0 0 0 ... 0 0 0],[0 0 0 ... 0 0 0]
95,dataset_yolo/autos_bw/auto095.png,data_21m/autos_bw/auto095_rep01.png,JXY 368,True,0,[1 1 1 ... 0 0 0],[1 1 1 ... 0 0 0]
95,dataset_yolo/autos_bw/auto095.png,data_21m/autos_bw/auto095_rep02.png,JXY 368,True,0,[1 1 1 ... 0 0 0],[1 1 1 ... 0 0 0]
95,dataset_yolo/autos_bw/auto095.png,data_21m/autos_bw/auto095_rep03.png,JXY 368,False,1,[1 1 1 ... 0 0 0],[1 1 1 ... 0 0 0]
95,dataset_yolo/autos_bw/auto095.png,data_21m/autos_bw/auto095_rep04.png,JXY 368,False,1,[1 1 1 ... 0 0 0],[1 1 1 ... 0 0 0]
95,dataset_yolo/autos_bw/auto095.png,data_21m/autos_bw/auto095_rep05.png,JXY 368,False,4,[1 1 1 ... 0 0 0],[1 1 1 ... 0 0 0]
96,dataset_yolo/autos_bw/auto096.png,data_21m/autos_bw/auto096_rep01.png,BZH-407,True,0,[1 0 0 ... 0 0 0],[1 0 0 ... 0 0 0]
96,dataset_yolo/autos_bw/auto096.png,data_21m/autos_bw/auto096_rep02.png,BZH-407,True,0,[1 0 0 ... 0 0 0],[1 0 0 ... 0 0 0]
96,dataset_yolo/autos_bw/auto096.png,data_21m/autos_bw/auto096_rep03.png,BZH-407,True,0,[1 0 0 ... 0 0 0],[1 0 0 ... 0 0 0]
96,dataset_yolo/autos_bw/auto096.png,data_21m/autos_bw/auto096_rep04.png,BZH-407,True,0,[1 0 0 ... 0 0 0],[1 0 0 ... 0 0 0]
96,dataset_yolo/autos_bw/auto096.png,data_21m/autos_bw/auto096_rep05.png,BZH-407,True,0,[1 0 0 ... 0 0 0],[1 0 0 ... 0 0 0]
96,dataset_yolo/autos_bw/auto096.png,data_21m/autos_bw/auto096_rep06.png,BZH-407,True,0,[1 0 0 ... 0 0 0],[1 0 0 ... 0 0 0]
96,dataset_yolo/autos_bw/auto096.png,data_21m/autos_bw/auto096_rep07.png,BZH-407,True,0,[1 0 0 ... 0 0 0],[1 0 0 ... 0 0 0]
96,dataset_yolo/autos_bw/auto096.png,data_21m/autos_bw/auto096_rep08.png,BZH-407,True,0,[1 0 0 ... 0 0 0],[1 0 0 ... 0 0 0]
96,dataset_yolo/autos_bw/auto096.png,data_21m/autos_bw/auto096_rep09.png,BZH-407,True,0,[1 0 0 ... 0 0 0],[1 0 0 ... 0 0 0]
96,dataset_yolo/autos_bw/auto096.png,data_21m/autos_bw/auto096_rep10.png,BZH-407,True,0,[1 0 0 ... 0 0 0],[1 0 0 ... 0 0 0]
96,dataset_yolo/autos_bw/auto096.png,data_21m/autos_bw/auto096_rep11.png,BZH-407,True,0,[1 0 0 ... 0 0 0],[1 0 0 ... 0 0 0]
96,dataset_yolo/autos_bw/auto096.png,data_21m/autos_bw/auto096_rep12.png,BZH-407,True,0,[1 0 0 ... 0 0 0],[1 0 0 ... 0 0 0]
97,dataset_yolo/autos_bw/auto097.png,data_21m/autos_bw/auto097_rep01.png,NIN 354,True,0,[1 1 1 ... 0 0 0],[1 1 1 ... 0 0 0]
97,dataset_yolo/autos_bw/auto097.png,data_21m/autos_bw/auto097_rep02.png,NIN 354,True,0,[1 1 1 ... 0 0 0],[1 1 1 ... 0 0 0]
97,dataset_yolo/autos_bw/auto097.png,data_21m/autos_bw/auto097_rep03.png,NIN 354,True,0,[1 1 1 ... 0 0 0],[1 1 1 ... 0 0 0]
97,dataset_yolo/autos_bw/auto097.png,data_21m/autos_bw/auto097_rep04.png,NIN 354,True,0,[1 1 1 ... 0 0 0],[1 1 1 ... 0 0 0]
97,dataset_yolo/autos_bw/auto097.png,data_21m/autos_bw/auto097_rep05.png,NIN 354,True,0,[1 1 1 ... 0 0 0],[1 1 1 ... 0 0 0]
97,dataset_yolo/autos_bw/auto097.png,data_21m/autos_bw/auto097_rep06.png,NIN 354,True,0,[1 1 1 ... 0 0 0],[1 1 1 ... 0 0 0]
97,dataset_yolo/autos_bw/auto097.png,data_21m/autos_bw/auto097_rep07.png,NIN 354,True,0,[1 1 1 ... 0 0 0],[1 1 1 ... 0 0 0]
98,dataset_yolo/autos_bw/auto098.png,data_21m/autos_bw/auto098_rep01.png,NNY-336,False,1,[0 0 0 ... 0 0 0],[0 0 0 ... 0 0 0]
98,dataset_yolo/autos_bw/auto098.png,data_21m/autos_bw/auto098_rep02.png,NNY-336,False,1,[0 0 0 ... 0 0 0],[0 0 0 ... 0 0 0]
98,dataset_yolo/autos_bw/auto098.png,data_21m/autos_bw/auto098_rep03.png,NNY-336,False,3,[0 0 0 ... 0 0 0],[0 0 0 ... 0 0 0]
98,dataset_yolo/autos_bw/auto098.png,data_21m/autos_bw/auto098_rep04.png,NNY-336,False,4,[0 0 0 ... 0 0 0],[0 0 0 ... 0 0 0]
98,dataset_yolo/autos_bw/auto098.png,data_21m/autos_bw/auto098_rep05.png,NNY-336,False,5,[0 0 0 ... 0 0 0],[0 0 0 ... 0 0 0]
99,dataset_yolo/autos_bw/auto099.png,data_21m/autos_bw/auto099_rep01.png,CDN 327,False,2,[0 0 0 ... 1 1 1],[0 0 0 ... 1 1 1]
99,dataset_yolo/autos_bw/auto099.png,data_21m/autos_bw/auto099_rep02.png,CDN 327,False,2,[0 0 0 ... 1 1 1],[0 0 0 ... 1 1 1]
99,dataset_yolo/autos_bw/auto099.png,data_21m/autos_bw/auto099_rep03.png,CDN 327,False,2,[0 0 0 ... 1 1 1],[0 0 0 ... 1 1 1]
99,dataset_yolo/autos_bw/auto099.png,data_21m/autos_bw/auto099_rep04.png,CDN 327,False,2,[0 0 0 ... 1 1 1],[0 0 0 ... 1 1 1]
99,dataset_yolo/autos_bw/auto099.png,data_21m/autos_bw/auto099_rep05.png,CDN 327,False,3,[0 0 0 ... 1 1 1],[0 0 0 ... 1 1 1]
99,dataset_yolo/autos_bw/auto099.png,data_21m/autos_bw/auto099_rep06.png,CDN 327,False,3,[0 0 0 ... 1 1 1],[0 0 0 ... 1 1 1]
99,dataset_yolo/autos_bw/auto099.png,data_21m/autos_bw/auto099_rep07.png,CDN 327,False,3,[0 0 0 ... 1 1 1],[0 0 0 ... 1 1 1]
99,dataset_yolo/autos_bw/auto099.png,data_21m/autos_bw/auto099_rep08.png,CDN 327,False,3,[0 0 0 ... 1 1 1],[0 0 0 ... 1 1 1]
99,dataset_yolo/autos_bw/auto099.png,data_21m/autos_bw/auto099_rep09.png,CDN 327,False,2,[0 0 0 ... 1 1 1],[0 0 0 ... 1 1 1]
99,dataset_yolo/autos_bw/auto099.png,data_21m/autos_bw/auto099_rep10.png,CDN 327,False,4,[0 0 0 ... 1 1 1],[0 0 0 ... 1 1 1]
99,dataset_yolo/autos_bw/auto099.png,data_21m/autos_bw/auto099_rep11.png,CDN 327,False,6,[0 0 0 ... 1 1 1],[0 0 0 ... 1 1 1]
99,dataset_yolo/autos_bw/auto099.png,data_21m/autos_bw/auto099_rep12.png,CDN 327,False,8,[0 0 0 ... 1 1 1],[0 0 0 ... 1 1 1]
56,dataset_yolo/autos_bw/auto056.png,data_21m/autos_bw/auto056_rep12.png,ZYM287,False,1008,[1 1 1 ... 0 0 0],[0 1 1 ... 1 1 1]
56,dataset_yolo/autos_bw/auto056.png,data_21m/autos_bw/auto056_rep13.png,ZYM287,False,1008,[1 1 1 ... 0 0 0],[0 1 1 ... 1 1 1]
100,dataset_yolo/autos_bw/auto100.png,data_21m/autos_bw/auto100_rep01.png,MVS 848,True,0,[0 0 0 ... 0 0 0],[0 0 0 ... 0 0 0]
100,dataset_yolo/autos_bw/auto100.png,data_21m/autos_bw/auto100_rep02.png,MVS 848,False,3,[0 0 0 ... 0 0 0],[0 0 0 ... 0 0 0]
100,dataset_yolo/autos_bw/auto100.png,data_21m/autos_bw/auto100_rep03.png,MVS 848,False,2,[0 0 0 ... 0 0 0],[0 0 0 ... 0 0 0]
100,dataset_yolo/autos_bw/auto100.png,data_21m/autos_bw/auto100_rep04.png,MVS 848,False,2,[0 0 0 ... 0 0 0],[0 0 0 ... 0 0 0]
100,dataset_yolo/autos_bw/auto100.png,data_21m/autos_bw/auto100_rep05.png,MVS 848,True,0,[0 0 0 ... 0 0 0],[0 0 0 ... 0 0 0]
100,dataset_yolo/autos_bw/auto100.png,data_21m/autos_bw/auto100_rep06.png,MVS 848,False,1,[0 0 0 ... 0 0 0],[0 0 0 ... 0 0 0]
101,dataset_yolo/autos_bw/auto101.png,data_21m/autos_bw/auto101_rep01.png,HAR 397,True,0,[0 0 0 ... 0 0 0],[0 0 0 ... 0 0 0]
101,dataset_yolo/autos_bw/auto101.png,data_21m/autos_bw/auto101_rep02.png,HAR 397,True,0,[0 0 0 ... 0 0 0],[0 0 0 ... 0 0 0]
101,dataset_yolo/autos_bw/auto101.png,data_21m/autos_bw/auto101_rep03.png,HAR 397,True,0,[0 0 0 ... 0 0 0],[0 0 0 ... 0 0 0]
101,dataset_yolo/autos_bw/auto101.png,data_21m/autos_bw/auto101_rep04.png,HAR 397,True,0,[0 0 0 ... 0 0 0],[0 0 0 ... 0 0 0]
101,dataset_yolo/autos_bw/auto101.png,data_21m/autos_bw/auto101_rep05.png,HAR 397,True,0,[0 0 0 ... 0 0 0],[0 0 0 ... 0 0 0]
101,dataset_yolo/autos_bw/auto101.png,data_21m/autos_bw/auto101_rep06.png,HAR 397,True,0,[0 0 0 ... 0 0 0],[0 0 0 ... 0 0 0]
102,dataset_yolo/autos_bw/auto102.png,data_21m/autos_bw/auto102_rep01.png,LML.045,False,6,[0 0 0 ... 0 0 0],[0 0 0 ... 0 0 0]
102,dataset_yolo/autos_bw/auto102.png,data_21m/autos_bw/auto102_rep02.png,LML.045,False,6,[0 0 0 ... 0 0 0],[0 0 0 ... 0 0 0]
102,dataset_yolo/autos_bw/auto102.png,data_21m/autos_bw/auto102_rep03.png,LML.045,False,7,[0 0 0 ... 0 0 0],[0 0 0 ... 0 0 0]
102,dataset_yolo/autos_bw/auto102.png,data_21m/autos_bw/auto102_rep04.png,LML.045,False,5,[0 0 0 ... 0 0 0],[0 0 0 ... 0 0 0]
102,dataset_yolo/autos_bw/auto102.png,data_21m/autos_bw/auto102_rep05.png,LML.045,False,5,[0 0 0 ... 0 0 0],[0 0 0 ... 0 0 0]
102,dataset_yolo/autos_bw/auto102.png,data_21m/autos_bw/auto102_rep06.png,LML.045,False,6,[0 0 0 ... 0 0 0],[0 0 0 ... 0 0 0]
102,dataset_yolo/autos_bw/auto102.png,data_21m/autos_bw/auto102_rep07.png,LML.045,False,6,[0 0 0 ... 0 0 0],[0 0 0 ... 0 0 0]
102,dataset_yolo/autos_bw/auto102.png,data_21m/autos_bw/auto102_rep08.png,LML.045,False,6,[0 0 0 ... 0 0 0],[0 0 0 ... 0 0 0]
102,dataset_yolo/autos_bw/auto102.png,data_21m/autos_bw/auto102_rep09.png,LML.045,False,6,[0 0 0 ... 0 0 0],[0 0 0 ... 0 0 0]
102,dataset_yolo/autos_bw/auto102.png,data_21m/autos_bw/auto102_rep10.png,LML.045,False,6,[0 0 0 ... 0 0 0],[0 0 0 ... 0 0 0]
102,dataset_yolo/autos_bw/auto102.png,data_21m/autos_bw/auto102_rep11.png,LML.045,False,8,[0 0 0 ... 0 0 0],[0 0 0 ... 0 0 0]
102,dataset_yolo/autos_bw/auto102.png,data_21m/autos_bw/auto102_rep12.png,LML.045,False,10,[0 0 0 ... 0 0 0],[0 0 0 ... 0 0 0]
103,dataset_yolo/autos_bw/auto103.png,data_21m/autos_bw/auto103_rep01.png,IXH206,False,1,[0 0 1 ... 1 0 0],[0 0 1 ... 1 0 0]
103,dataset_yolo/autos_bw/auto103.png,data_21m/autos_bw/auto103_rep02.png,IXH206,True,0,[0 0 1 ... 1 0 0],[0 0 1 ... 1 0 0]
103,dataset_yolo/autos_bw/auto103.png,data_21m/autos_bw/auto103_rep03.png,IXH206,True,0,[0 0 1 ... 1 0 0],[0 0 1 ... 1 0 0]
103,dataset_yolo/autos_bw/auto103.png,data_21m/autos_bw/auto103_rep04.png,IXH206,True,0,[0 0 1 ... 1 0 0],[0 0 1 ... 1 0 0]
104,dataset_yolo/autos_bw/auto104.png,data_21m/autos_bw/auto104_rep01.png,FGO:299,True,0,[0 0 0 ... 1 1 1],[0 0 0 ... 1 1 1]
104,dataset_yolo/autos_bw/auto104.png,data_21m/autos_bw/auto104_rep02.png,FGO:299,True,0,[0 0 0 ... 1 1 1],[0 0 0 ... 1 1 1]
104,dataset_yolo/autos_bw/auto104.png,data_21m/autos_bw/auto104_rep03.png,FGO:299,True,0,[0 0 0 ... 1 1 1],[0 0 0 ... 1 1 1]
104,dataset_yolo/autos_bw/auto104.png,data_21m/autos_bw/auto104_rep04.png,FGO:299,True,0,[0 0 0 ... 1 1 1],[0 0 0 ... 1 1 1]
104,dataset_yolo/autos_bw/auto104.png,data_21m/autos_bw/auto104_rep05.png,FGO:299,True,0,[0 0 0 ... 1 1 1],[0 0 0 ... 1 1 1]
104,dataset_yolo/autos_bw/auto104.png,data_21m/autos_bw/auto104_rep06.png,FGO:299,True,0,[0 0 0 ... 1 1 1],[0 0 0 ... 1 1 1]
104,dataset_yolo/autos_bw/auto104.png,data_21m/autos_bw/auto104_rep07.png,FGO:299,True,0,[0 0 0 ... 1 1 1],[0 0 0 ... 1 1 1]
105,dataset_yolo/autos_bw/auto105.png,data_21m/autos_bw/auto105_rep01.png,NSV796,False,1,[0 0 0 ... 1 1 1],[0 0 0 ... 1 1 1]
105,dataset_yolo/autos_bw/auto105.png,data_21m/autos_bw/auto105_rep02.png,NSV796,True,0,[0 0 0 ... 1 1 1],[0 0 0 ... 1 1 1]
105,dataset_yolo/autos_bw/auto105.png,data_21m/autos_bw/auto105_rep03.png,NSV796,True,0,[0 0 0 ... 1 1 1],[0 0 0 ... 1 1 1]
105,dataset_yolo/autos_bw/auto105.png,data_21m/autos_bw/auto105_rep04.png,NSV796,True,0,[0 0 0 ... 1 1 1],[0 0 0 ... 1 1 1]
105,dataset_yolo/autos_bw/auto105.png,data_21m/autos_bw/auto105_rep05.png,NSV796,True,0,[0 0 0 ... 1 1 1],[0 0 0 ... 1 1 1]
105,dataset_yolo/autos_bw/auto105.png,data_21m/autos_bw/auto105_rep06.png,NSV796,True,0,[0 0 0 ... 1 1 1],[0 0 0 ... 1 1 1]
105,dataset_yolo/autos_bw/auto105.png,data_21m/autos_bw/auto105_rep07.png,NSV796,True,0,[0 0 0 ... 1 1 1],[0 0 0 ... 1 1 1]
105,dataset_yolo/autos_bw/auto105.png,data_21m/autos_bw/auto105_rep08.png,NSV796,True,0,[0 0 0 ... 1 1 1],[0 0 0 ... 1 1 1]
105,dataset_yolo/autos_bw/auto105.png,data_21m/autos_bw/auto105_rep09.png,NSV796,True,0,[0 0 0 ... 1 1 1],[0 0 0 ... 1 1 1]
105,dataset_yolo/autos_bw/auto105.png,data_21m/autos_bw/auto105_rep10.png,NSV796,True,0,[0 0 0 ... 1 1 1],[0 0 0 ... 1 1 1]
105,dataset_yolo/autos_bw/auto105.png,data_21m/autos_bw/auto105_rep11.png,NSV796,True,0,[0 0 0 ... 1 1 1],[0 0 0 ... 1 1 1]
106,dataset_yolo/autos_bw/auto106.png,data_21m/autos_bw/auto106_rep01.png,RAO 838,False,1,[0 0 0 ... 0 0 0],[0 0 0 ... 0 0 0]
106,dataset_yolo/autos_bw/auto106.png,data_21m/autos_bw/auto106_rep02.png,RAO 838,False,1,[0 0 0 ... 0 0 0],[0 0 0 ... 0 0 0]
107,dataset_yolo/autos_bw/auto107.png,data_21m/autos_bw/auto107_rep01.png,DZU 786,True,0,[1 1 1 ... 0 1 1],[1 1 1 ... 0 1 1]
107,dataset_yolo/autos_bw/auto107.png,data_21m/autos_bw/auto107_rep02.png,DZU 786,True,0,[1 1 1 ... 0 1 1],[1 1 1 ... 0 1 1]
107,dataset_yolo/autos_bw/auto107.png,data_21m/autos_bw/auto107_rep03.png,DZU 786,True,0,[1 1 1 ... 0 1 1],[1 1 1 ... 0 1 1]
107,dataset_yolo/autos_bw/auto107.png,data_21m/autos_bw/auto107_rep04.png,DZU 786,True,0,[1 1 1 ... 0 1 1],[1 1 1 ... 0 1 1]
107,dataset_yolo/autos_bw/auto107.png,data_21m/autos_bw/auto107_rep05.png,DZU 786,True,0,[1 1 1 ... 0 1 1],[1 1 1 ... 0 1 1]
107,dataset_yolo/autos_bw/auto107.png,data_21m/autos_bw/auto107_rep06.png,DZU 786,True,0,[1 1 1 ... 0 1 1],[1 1 1 ... 0 1 1]
107,dataset_yolo/autos_bw/auto107.png,data_21m/autos_bw/auto107_rep07.png,DZU 786,True,0,[1 1 1 ... 0 1 1],[1 1 1 ... 0 1 1]
107,dataset_yolo/autos_bw/auto107.png,data_21m/autos_bw/auto107_rep08.png,DZU 786,True,0,[1 1 1 ... 0 1 1],[1 1 1 ... 0 1 1]
107,dataset_yolo/autos_bw/auto107.png,data_21m/autos_bw/auto107_rep09.png,DZU 786,True,0,[1 1 1 ... 0 1 1],[1 1 1 ... 0 1 1]
107,dataset_yolo/autos_bw/auto107.png,data_21m/autos_bw/auto107_rep10.png,DZU 786,True,0,[1 1 1 ... 0 1 1],[1 1 1 ... 0 1 1]
108,dataset_yolo/autos_bw/auto108.png,data_21m/autos_bw/auto108_rep01.png,OGA-988,False,2,[0 0 0 ... 1 1 1],[0 0 0 ... 1 1 1]
108,dataset_yolo/autos_bw/auto108.png,data_21m/autos_bw/auto108_rep02.png,OGA-988,False,2,[0 0 0 ... 1 1 1],[0 0 0 ... 1 1 1]
108,dataset_yolo/autos_bw/auto108.png,data_21m/autos_bw/auto108_rep03.png,OGA-988,False,2,[0 0 0 ... 1 1 1],[0 0 0 ... 1 1 1]
108,dataset_yolo/autos_bw/auto108.png,data_21m/autos_bw/auto108_rep04.png,OGA-988,False,2,[0 0 0 ... 1 1 1],[0 0 0 ... 1 1 1]
108,dataset_yolo/autos_bw/auto108.png,data_21m/autos_bw/auto108_rep05.png,OGA-988,False,2,[0 0 0 ... 1 1 1],[0 0 0 ... 1 1 1]
108,dataset_yolo/autos_bw/auto108.png,data_21m/autos_bw/auto108_rep06.png,OGA-988,False,2,[0 0 0 ... 1 1 1],[0 0 0 ... 1 1 1]
108,dataset_yolo/autos_bw/auto108.png,data_21m/autos_bw/auto108_rep07.png,OGA-988,False,1,[0 0 0 ... 1 1 1],[0 0 0 ... 1 1 1]
108,dataset_yolo/autos_bw/auto108.png,data_21m/autos_bw/auto108_rep08.png,OGA-988,False,2,[0 0 0 ... 1 1 1],[0 0 0 ... 1 1 1]
108,dataset_yolo/autos_bw/auto108.png,data_21m/autos_bw/auto108_rep09.png,OGA-988,False,2,[0 0 0 ... 1 1 1],[0 0 0 ... 1 1 1]
108,dataset_yolo/autos_bw/auto108.png,data_21m/autos_bw/auto108_rep10.png,OGA-988,False,3,[0 0 0 ... 1 1 1],[0 0 0 ... 1 1 1]
108,dataset_yolo/autos_bw/auto108.png,data_21m/autos_bw/auto108_rep11.png,OGA-988,False,3,[0 0 0 ... 1 1 1],[0 0 0 ... 1 1 1]
108,dataset_yolo/autos_bw/auto108.png,data_21m/autos_bw/auto108_rep12.png,OGA-988,False,3,[0 0 0 ... 1 1 1],[0 0 0 ... 1 1 1]
108,dataset_yolo/autos_bw/auto108.png,data_21m/autos_bw/auto108_rep13.png,OGA-988,False,4,[0 0 0 ... 1 1 1],[0 0 0 ... 1 1 1]
109,dataset_yolo/autos_bw/auto109.png,data_21m/autos_bw/auto109_rep01.png,HIS 777,True,0,[0 0 0 ... 0 0 0],[0 0 0 ... 0 0 0]
110,dataset_yolo/autos_bw/auto110.png,data_21m/autos_bw/auto110_rep01.png,UET945,True,0,[1 1 1 ... 1 1 1],[1 1 1 ... 1 1 1]
110,dataset_yolo/autos_bw/auto110.png,data_21m/autos_bw/auto110_rep02.png,UET945,True,0,[1 1 1 ... 1 1 1],[1 1 1 ... 1 1 1]
110,dataset_yolo/autos_bw/auto110.png,data_21m/autos_bw/auto110_rep03.png,UET945,True,0,[1 1 1 ... 1 1 1],[1 1 1 ... 1 1 1]
110,dataset_yolo/autos_bw/auto110.png,data_21m/autos_bw/auto110_rep04.png,UET945,True,0,[1 1 1 ... 1 1 1],[1 1 1 ... 1 1 1]
110,dataset_yolo/autos_bw/auto110.png,data_21m/autos_bw/auto110_rep05.png,UET945,True,0,[1 1 1 ... 1 1 1],[1 1 1 ... 1 1 1]
110,dataset_yolo/autos_bw/auto110.png,data_21m/autos_bw/auto110_rep06.png,UET945,True,0,[1 1 1 ... 1 1 1],[1 1 1 ... 1 1 1]
110,dataset_yolo/autos_bw/auto110.png,data_21m/autos_bw/auto110_rep07.png,UET945,True,0,[1 1 1 ... 1 1 1],[1 1 1 ... 1 1 1]
110,dataset_yolo/autos_bw/auto110.png,data_21m/autos_bw/auto110_rep08.png,UET945,True,0,[1 1 1 ... 1 1 1],[1 1 1 ... 1 1 1]
110,dataset_yolo/autos_bw/auto110.png,data_21m/autos_bw/auto110_rep09.png,UET945,True,0,[1 1 1 ... 1 1 1],[1 1 1 ... 1 1 1]
110,dataset_yolo/autos_bw/auto110.png,data_21m/autos_bw/auto110_rep10.png,UET945,True,0,[1 1 1 ... 1 1 1],[1 1 1 ... 1 1 1]
110,dataset_yolo/autos_bw/auto110.png,data_21m/autos_bw/auto110_rep11.png,UET945,True,0,[1 1 1 ... 1 1 1],[1 1 1 ... 1 1 1]
111,dataset_yolo/autos_bw/auto111.png,data_21m/autos_bw/auto111_rep01.png,EIM23,True,0,[0 0 0 ... 0 0 0],[0 0 0 ... 0 0 0]
111,dataset_yolo/autos_bw/auto111.png,data_21m/autos_bw/auto111_rep02.png,EIM23,True,0,[0 0 0 ... 0 0 0],[0 0 0 ... 0 0 0]
111,dataset_yolo/autos_bw/auto111.png,data_21m/autos_bw/auto111_rep03.png,EIM23,True,0,[0 0 0 ... 0 0 0],[0 0 0 ... 0 0 0]
111,dataset_yolo/autos_bw/auto111.png,data_21m/autos_bw/auto111_rep04.png,EIM23,True,0,[0 0 0 ... 0 0 0],[0 0 0 ... 0 0 0]
111,dataset_yolo/autos_bw/auto111.png,data_21m/autos_bw/auto111_rep05.png,EIM23,True,0,[0 0 0 ... 0 0 0],[0 0 0 ... 0 0 0]
111,dataset_yolo/autos_bw/auto111.png,data_21m/autos_bw/auto111_rep06.png,EIM23,True,0,[0 0 0 ... 0 0 0],[0 0 0 ... 0 0 0]
111,dataset_yolo/autos_bw/auto111.png,data_21m/autos_bw/auto111_rep07.png,EIM23,True,0,[0 0 0 ... 0 0 0],[0 0 0 ... 0 0 0]
111,dataset_yolo/autos_bw/auto111.png,data_21m/autos_bw/auto111_rep08.png,EIM23,True,0,[0 0 0 ... 0 0 0],[0 0 0 ... 0 0 0]
111,dataset_yolo/autos_bw/auto111.png,data_21m/autos_bw/auto111_rep09.png,EIM23,True,0,[0 0 0 ... 0 0 0],[0 0 0 ... 0 0 0]
112,dataset_yolo/autos_bw/auto112.png,data_21m/autos_bw/auto112_rep01.png,LNY:730,True,0,[0 0 0 ... 0 0 0],[0 0 0 ... 0 0 0]
112,dataset_yolo/autos_bw/auto112.png,data_21m/autos_bw/auto112_rep02.png,LNY:730,True,0,[0 0 0 ... 0 0 0],[0 0 0 ... 0 0 0]
113,dataset_yolo/autos_bw/auto113.png,data_21m/autos_bw/auto113_rep01.png,UDK 037,True,0,[0 0 0 ... 0 0 0],[0 0 0 ... 0 0 0]
113,dataset_yolo/autos_bw/auto113.png,data_21m/autos_bw/auto113_rep02.png,UDK 037,True,0,[0 0 0 ... 0 0 0],[0 0 0 ... 0 0 0]
113,dataset_yolo/autos_bw/auto113.png,data_21m/autos_bw/auto113_rep03.png,UDK 037,True,0,[0 0 0 ... 0 0 0],[0 0 0 ... 0 0 0]
113,dataset_yolo/autos_bw/auto113.png,data_21m/autos_bw/auto113_rep04.png,UDK 037,True,0,[0 0 0 ... 0 0 0],[0 0 0 ... 0 0 0]
113,dataset_yolo/autos_bw/auto113.png,data_21m/autos_bw/auto113_rep05.png,UDK 037,True,0,[0 0 0 ... 0 0 0],[0 0 0 ... 0 0 0]
113,dataset_yolo/autos_bw/auto113.png,data_21m/autos_bw/auto113_rep06.png,UDK 037,True,0,[0 0 0 ... 0 0 0],[0 0 0 ... 0 0 0]
113,dataset_yolo/autos_bw/auto113.png,data_21m/autos_bw/auto113_rep07.png,UDK 037,True,0,[0 0 0 ... 0 0 0],[0 0 0 ... 0 0 0]
113,dataset_yolo/autos_bw/auto113.png,data_21m/autos_bw/auto113_rep08.png,UDK 037,True,0,[0 0 0 ... 0 0 0],[0 0 0 ... 0 0 0]
113,dataset_yolo/autos_bw/auto113.png,data_21m/autos_bw/auto113_rep09.png,UDK 037,True,0,[0 0 0 ... 0 0 0],[0 0 0 ... 0 0 0]
113,dataset_yolo/autos_bw/auto113.png,data_21m/autos_bw/auto113_rep10.png,UDK 037,True,0,[0 0 0 ... 0 0 0],[0 0 0 ... 0 0 0]
113,dataset_yolo/autos_bw/auto113.png,data_21m/autos_bw/auto113_rep11.png,UDK 037,True,0,[0 0 0 ... 0 0 0],[0 0 0 ... 0 0 0]
114,dataset_yolo/autos_bw/auto114.png,data_21m/autos_bw/auto114_rep01.png,RNT-259,True,0,[0 0 0 ... 0 0 0],[0 0 0 ... 0 0 0]
114,dataset_yolo/autos_bw/auto114.png,data_21m/autos_bw/auto114_rep02.png,RNT-259,True,0,[0 0 0 ... 0 0 0],[0 0 0 ... 0 0 0]
114,dataset_yolo/autos_bw/auto114.png,data_21m/autos_bw/auto114_rep03.png,RNT-259,True,0,[0 0 0 ... 0 0 0],[0 0 0 ... 0 0 0]
114,dataset_yolo/autos_bw/auto114.png,data_21m/autos_bw/auto114_rep04.png,RNT-259,True,0,[0 0 0 ... 0 0 0],[0 0 0 ... 0 0 0]
114,dataset_yolo/autos_bw/auto114.png,data_21m/autos_bw/auto114_rep05.png,RNT-259,True,0,[0 0 0 ... 0 0 0],[0 0 0 ... 0 0 0]
114,dataset_yolo/autos_bw/auto114.png,data_21m/autos_bw/auto114_rep06.png,RNT-259,True,0,[0 0 0 ... 0 0 0],[0 0 0 ... 0 0 0]
114,dataset_yolo/autos_bw/auto114.png,data_21m/autos_bw/auto114_rep07.png,RNT-259,True,0,[0 0 0 ... 0 0 0],[0 0 0 ... 0 0 0]
114,dataset_yolo/autos_bw/auto114.png,data_21m/autos_bw/auto114_rep08.png,RNT-259,True,0,[0 0 0 ... 0 0 0],[0 0 0 ... 0 0 0]
115,dataset_yolo/autos_bw/auto115.png,data_21m/autos_bw/auto115_rep01.png,PBV.912,True,0,[1 1 1 ... 0 0 0],[1 1 1 ... 0 0 0]
115,dataset_yolo/autos_bw/auto115.png,data_21m/autos_bw/auto115_rep02.png,PBV.912,True,0,[1 1 1 ... 0 0 0],[1 1 1 ... 0 0 0]
115,dataset_yolo/autos_bw/auto115.png,data_21m/autos_bw/auto115_rep03.png,PBV.912,True,0,[1 1 1 ... 0 0 0],[1 1 1 ... 0 0 0]
116,dataset_yolo/autos_bw/auto116.png,data_21m/autos_bw/auto116_rep01.png,UBO 188,False,1,[0 0 0 ... 0 0 0],[0 0 0 ... 0 0 0]
116,dataset_yolo/autos_bw/auto116.png,data_21m/autos_bw/auto116_rep02.png,UBO 188,False,1,[0 0 0 ... 0 0 0],[0 0 0 ... 0 0 0]
116,dataset_yolo/autos_bw/auto116.png,data_21m/autos_bw/auto116_rep03.png,UBO 188,True,0,[0 0 0 ... 0 0 0],[0 0 0 ... 0 0 0]
116,dataset_yolo/autos_bw/auto116.png,data_21m/autos_bw/auto116_rep04.png,UBO 188,True,0,[0 0 0 ... 0 0 0],[0 0 0 ... 0 0 0]
116,dataset_yolo/autos_bw/auto116.png,data_21m/autos_bw/auto116_rep05.png,UBO 188,True,0,[0 0 0 ... 0 0 0],[0 0 0 ... 0 0 0]
116,dataset_yolo/autos_bw/auto116.png,data_21m/autos_bw/auto116_rep06.png,UBO 188,True,0,[0 0 0 ... 0 0 0],[0 0 0 ... 0 0 0]
116,dataset_yolo/autos_bw/auto116.png,data_21m/autos_bw/auto116_rep07.png,UBO 188,True,0,[0 0 0 ... 0 0 0],[0 0 0 ... 0 0 0]
116,dataset_yolo/autos_bw/auto116.png,data_21m/autos_bw/auto116_rep08.png,UBO 188,True,0,[0 0 0 ... 0 0 0],[0 0 0 ... 0 0 0]
116,dataset_yolo/autos_bw/auto116.png,data_21m/autos_bw/auto116_rep09.png,UBO 188,True,0,[0 0 0 ... 0 0 0],[0 0 0 ... 0 0 0]
116,dataset_yolo/autos_bw/auto116.png,data_21m/autos_bw/auto116_rep10.png,UBO 188,True,0,[0 0 0 ... 0 0 0],[0 0 0 ... 0 0 0]
116,dataset_yolo/autos_bw/auto116.png,data_21m/autos_bw/auto116_rep11.png,UBO 188,False,2,[0 0 0 ... 0 0 0],[0 0 0 ... 0 0 0]
116,dataset_yolo/autos_bw/auto116.png,data_21m/autos_bw/auto116_rep12.png,UBO 188,False,5,[0 0 0 ... 0 0 0],[0 0 0 ... 0 0 0]
117,dataset_yolo/autos_bw/auto117.png,data_21m/autos_bw/auto117_rep01.png,HKY-805,True,0,[0 0 0 ... 0 0 0],[0 0 0 ... 0 0 0]
117,dataset_yolo/autos_bw/auto117.png,data_21m/autos_bw/auto117_rep02.png,HKY-805,True,0,[0 0 0 ... 0 0 0],[0 0 0 ... 0 0 0]
117,dataset_yolo/autos_bw/auto117.png,data_21m/autos_bw/auto117_rep03.png,HKY-805,True,0,[0 0 0 ... 0 0 0],[0 0 0 ... 0 0 0]
117,dataset_yolo/autos_bw/auto117.png,data_21m/autos_bw/auto117_rep04.png,HKY-805,True,0,[0 0 0 ... 0 0 0],[0 0 0 ... 0 0 0]
117,dataset_yolo/autos_bw/auto117.png,data_21m/autos_bw/auto117_rep05.png,HKY-805,True,0,[0 0 0 ... 0 0 0],[0 0 0 ... 0 0 0]
117,dataset_yolo/autos_bw/auto117.png,data_21m/autos_bw/auto117_rep06.png,HKY-805,True,0,[0 0 0 ... 0 0 0],[0 0 0 ... 0 0 0]
117,dataset_yolo/autos_bw/auto117.png,data_21m/autos_bw/auto117_rep07.png,HKY-805,True,0,[0 0 0 ... 0 0 0],[0 0 0 ... 0 0 0]
118,dataset_yolo/autos_bw/auto118.png,data_21m/autos_bw/auto118_rep01.png,NCZ-497,True,0,[0 0 0 ... 1 1 1],[0 0 0 ... 1 1 1]
118,dataset_yolo/autos_bw/auto118.png,data_21m/autos_bw/auto118_rep02.png,NCZ-497,True,0,[0 0 0 ... 1 1 1],[0 0 0 ... 1 1 1]
118,dataset_yolo/autos_bw/auto118.png,data_21m/autos_bw/auto118_rep03.png,NCZ-497,True,0,[0 0 0 ... 1 1 1],[0 0 0 ... 1 1 1]
118,dataset_yolo/autos_bw/auto118.png,data_21m/autos_bw/auto118_rep04.png,NCZ-497,True,0,[0 0 0 ... 1 1 1],[0 0 0 ... 1 1 1]
118,dataset_yolo/autos_bw/auto118.png,data_21m/autos_bw/auto118_rep05.png,NCZ-497,True,0,[0 0 0 ... 1 1 1],[0 0 0 ... 1 1 1]
119,dataset_yolo/autos_bw/auto119.png,data_21m/autos_bw/auto119_rep01.png,IPR 827,False,4,[0 0 0 ... 0 0 0],[0 0 0 ... 0 0 0]
119,dataset_yolo/autos_bw/auto119.png,data_21m/autos_bw/auto119_rep02.png,IPR 827,False,3,[0 0 0 ... 0 0 0],[0 0 0 ... 0 0 0]
119,dataset_yolo/autos_bw/auto119.png,data_21m/autos_bw/auto119_rep03.png,IPR 827,False,2,[0 0 0 ... 0 0 0],[0 0 0 ... 0 0 0]
119,dataset_yolo/autos_bw/auto119.png,data_21m/autos_bw/auto119_rep04.png,IPR 827,True,0,[0 0 0 ... 0 0 0],[0 0 0 ... 0 0 0]
119,dataset_yolo/autos_bw/auto119.png,data_21m/autos_bw/auto119_rep05.png,IPR 827,True,0,[0 0 0 ... 0 0 0],[0 0 0 ... 0 0 0]
119,dataset_yolo/autos_bw/auto119.png,data_21m/autos_bw/auto119_rep06.png,IPR 827,True,0,[0 0 0 ... 0 0 0],[0 0 0 ... 0 0 0]
119,dataset_yolo/autos_bw/auto119.png,data_21m/autos_bw/auto119_rep07.png,IPR 827,True,0,[0 0 0 ... 0 0 0],[0 0 0 ... 0 0 0]
119,dataset_yolo/autos_bw/auto119.png,data_21m/autos_bw/auto119_rep08.png,IPR 827,True,0,[0 0 0 ... 0 0 0],[0 0 0 ... 0 0 0]
119,dataset_yolo/autos_bw/auto119.png,data_21m/autos_bw/auto119_rep09.png,IPR 827,True,0,[0 0 0 ... 0 0 0],[0 0 0 ... 0 0 0]
119,dataset_yolo/autos_bw/auto119.png,data_21m/autos_bw/auto119_rep10.png,IPR 827,True,0,[0 0 0 ... 0 0 0],[0 0 0 ... 0 0 0]
119,dataset_yolo/autos_bw/auto119.png,data_21m/autos_bw/auto119_rep11.png,IPR 827,True,0,[0 0 0 ... 0 0 0],[0 0 0 ... 0 0 0]
119,dataset_yolo/autos_bw/auto119.png,data_21m/autos_bw/auto119_rep12.png,IPR 827,True,0,[0 0 0 ... 0 0 0],[0 0 0 ... 0 0 0]
119,dataset_yolo/autos_bw/auto119.png,data_21m/autos_bw/auto119_rep13.png,IPR 827,True,0,[0 0 0 ... 0 0 0],[0 0 0 ... 0 0 0]
119,dataset_yolo/autos_bw/auto119.png,data_21m/autos_bw/auto119_rep14.png,IPR 827,True,0,[0 0 0 ... 0 0 0],[0 0 0 ... 0 0 0]
119,dataset_yolo/autos_bw/auto119.png,data_21m/autos_bw/auto119_rep15.png,IPR 827,False,1,[0 0 0 ... 0 0 0],[0 0 0 ... 0 0 0]
119,dataset_yolo/autos_bw/auto119.png,data_21m/autos_bw/auto119_rep16.png,IPR 827,False,2,[0 0 0 ... 0 0 0],[0 0 0 ... 0 0 0]
120,dataset_yolo/autos_bw/auto120.png,data_21m/autos_bw/auto120_rep01.png,DAC 640,True,0,[0 0 0 ... 1 1 1],[0 0 0 ... 1 1 1]
120,dataset_yolo/autos_bw/auto120.png,data_21m/autos_bw/auto120_rep02.png,DAC 640,True,0,[0 0 0 ... 1 1 1],[0 0 0 ... 1 1 1]
120,dataset_yolo/autos_bw/auto120.png,data_21m/autos_bw/auto120_rep03.png,DAC 640,True,0,[0 0 0 ... 1 1 1],[0 0 0 ... 1 1 1]
120,dataset_yolo/autos_bw/auto120.png,data_21m/autos_bw/auto120_rep04.png,DAC 640,True,0,[0 0 0 ... 1 1 1],[0 0 0 ... 1 1 1]
120,dataset_yolo/autos_bw/auto120.png,data_21m/autos_bw/auto120_rep05.png,DAC 640,True,0,[0 0 0 ... 1 1 1],[0 0 0 ... 1 1 1]
120,dataset_yolo/autos_bw/auto120.png,data_21m/autos_bw/auto120_rep06.png,DAC 640,True,0,[0 0 0 ... 1 1 1],[0 0 0 ... 1 1 1]
120,dataset_yolo/autos_bw/auto120.png,data_21m/autos_bw/auto120_rep07.png,DAC 640,True,0,[0 0 0 ... 1 1 1],[0 0 0 ... 1 1 1]
121,dataset_yolo/autos_bw/auto121.png,data_21m/autos_bw/auto121_rep01.png,LHz.981,True,0,[0 0 0 ... 0 0 0],[0 0 0 ... 0 0 0]
121,dataset_yolo/autos_bw/auto121.png,data_21m/autos_bw/auto121_rep02.png,LHz.981,True,0,[0 0 0 ... 0 0 0],[0 0 0 ... 0 0 0]
121,dataset_yolo/autos_bw/auto121.png,data_21m/autos_bw/auto121_rep03.png,LHz.981,True,0,[0 0 0 ... 0 0 0],[0 0 0 ... 0 0 0]
121,dataset_yolo/autos_bw/auto121.png,data_21m/autos_bw/auto121_rep04.png,LHz.981,True,0,[0 0 0 ... 0 0 0],[0 0 0 ... 0 0 0]
121,dataset_yolo/autos_bw/auto121.png,data_21m/autos_bw/auto121_rep05.png,LHz.981,True,0,[0 0 0 ... 0 0 0],[0 0 0 ... 0 0 0]
121,dataset_yolo/autos_bw/auto121.png,data_21m/autos_bw/auto121_rep06.png,LHz.981,True,0,[0 0 0 ... 0 0 0],[0 0 0 ... 0 0 0]
121,dataset_yolo/autos_bw/auto121.png,data_21m/autos_bw/auto121_rep07.png,LHz.981,True,0,[0 0 0 ... 0 0 0],[0 0 0 ... 0 0 0]
200,,data_21m/autos_bw/auto200_rep01.png,,False,2000,,[0 0 1 ... 0 0 0]
122,dataset_yolo/autos_bw/auto122.png,data_21m/autos_bw/auto122_rep01.png,CSM597,False,2,[0 0 0 ... 1 1 1],[0 0 0 ... 1 1 1]
122,dataset_yolo/autos_bw/auto122.png,data_21m/autos_bw/auto122_rep02.png,CSM597,False,1,[0 0 0 ... 1 1 1],[0 0 0 ... 1 1 1]
122,dataset_yolo/autos_bw/auto122.png,data_21m/autos_bw/auto122_rep03.png,CSM597,True,0,[0 0 0 ... 1 1 1],[0 0 0 ... 1 1 1]
122,dataset_yolo/autos_bw/auto122.png,data_21m/autos_bw/auto122_rep04.png,CSM597,True,0,[0 0 0 ... 1 1 1],[0 0 0 ... 1 1 1]
122,dataset_yolo/autos_bw/auto122.png,data_21m/autos_bw/auto122_rep05.png,CSM597,True,0,[0 0 0 ... 1 1 1],[0 0 0 ... 1 1 1]
122,dataset_yolo/autos_bw/auto122.png,data_21m/autos_bw/auto122_rep06.png,CSM597,True,0,[0 0 0 ... 1 1 1],[0 0 0 ... 1 1 1]
122,dataset_yolo/autos_bw/auto122.png,data_21m/autos_bw/auto122_rep07.png,CSM597,True,0,[0 0 0 ... 1 1 1],[0 0 0 ... 1 1 1]
122,dataset_yolo/autos_bw/auto122.png,data_21m/autos_bw/auto122_rep08.png,CSM597,True,0,[0 0 0 ... 1 1 1],[0 0 0 ... 1 1 1]
122,dataset_yolo/autos_bw/auto122.png,data_21m/autos_bw/auto122_rep09.png,CSM597,False,1,[0 0 0 ... 1 1 1],[0 0 0 ... 1 1 1]
122,dataset_yolo/autos_bw/auto122.png,data_21m/autos_bw/auto122_rep10.png,CSM597,False,1,[0 0 0 ... 1 1 1],[0 0 0 ... 1 1 1]
122,dataset_yolo/autos_bw/auto122.png,data_21m/autos_bw/auto122_rep11.png,CSM597,False,2,[0 0 0 ... 1 1 1],[0 0 0 ... 1 1 1]
122,dataset_yolo/autos_bw/auto122.png,data_21m/autos_bw/auto122_rep12.png,CSM597,False,3,[0 0 0 ... 1 1 1],[0 0 0 ... 1 1 1]
122,dataset_yolo/autos_bw/auto122.png,data_21m/autos_bw/auto122_rep13.png,CSM597,False,4,[0 0 0 ... 1 1 1],[0 0 0 ... 1 1 1]
123,dataset_yolo/autos_bw/auto123.png,data_21m/autos_bw/auto123_rep01.png,ULZ 436,False,10,[1 0 0 ... 0 0 0],[1 0 0 ... 0 0 0]
123,dataset_yolo/autos_bw/auto123.png,data_21m/autos_bw/auto123_rep02.png,ULZ 436,True,0,[1 0 0 ... 0 0 0],[1 0 0 ... 0 0 0]
123,dataset_yolo/autos_bw/auto123.png,data_21m/autos_bw/auto123_rep03.png,ULZ 436,True,0,[1 0 0 ... 0 0 0],[1 0 0 ... 0 0 0]
123,dataset_yolo/autos_bw/auto123.png,data_21m/autos_bw/auto123_rep04.png,ULZ 436,True,0,[1 0 0 ... 0 0 0],[1 0 0 ... 0 0 0]
123,dataset_yolo/autos_bw/auto123.png,data_21m/autos_bw/auto123_rep05.png,ULZ 436,True,0,[1 0 0 ... 0 0 0],[1 0 0 ... 0 0 0]
123,dataset_yolo/autos_bw/auto123.png,data_21m/autos_bw/auto123_rep06.png,ULZ 436,True,0,[1 0 0 ... 0 0 0],[1 0 0 ... 0 0 0]
123,dataset_yolo/autos_bw/auto123.png,data_21m/autos_bw/auto123_rep07.png,ULZ 436,True,0,[1 0 0 ... 0 0 0],[1 0 0 ... 0 0 0]
124,dataset_yolo/autos_bw/auto124.png,data_21m/autos_bw/auto124_rep01.png,REP.229,False,4,[0 0 0 ... 0 0 0],[0 0 0 ... 0 0 0]
124,dataset_yolo/autos_bw/auto124.png,data_21m/autos_bw/auto124_rep02.png,REP.229,False,4,[0 0 0 ... 0 0 0],[0 0 0 ... 0 0 0]
124,dataset_yolo/autos_bw/auto124.png,data_21m/autos_bw/auto124_rep03.png,REP.229,False,4,[0 0 0 ... 0 0 0],[0 0 0 ... 0 0 0]
124,dataset_yolo/autos_bw/auto124.png,data_21m/autos_bw/auto124_rep04.png,REP.229,False,5,[0 0 0 ... 0 0 0],[0 0 0 ... 0 0 0]
124,dataset_yolo/autos_bw/auto124.png,data_21m/autos_bw/auto124_rep05.png,REP.229,False,5,[0 0 0 ... 0 0 0],[0 0 0 ... 0 0 0]
124,dataset_yolo/autos_bw/auto124.png,data_21m/autos_bw/auto124_rep06.png,REP.229,False,6,[0 0 0 ... 0 0 0],[0 0 0 ... 0 0 0]
124,dataset_yolo/autos_bw/auto124.png,data_21m/autos_bw/auto124_rep07.png,REP.229,False,7,[0 0 0 ... 0 0 0],[0 0 0 ... 0 0 0]
124,dataset_yolo/autos_bw/auto124.png,data_21m/autos_bw/auto124_rep08.png,REP.229,False,8,[0 0 0 ... 0 0 0],[0 0 0 ... 0 0 0]
125,dataset_yolo/autos_bw/auto125.png,data_21m/autos_bw/auto125_rep01.png,CCQ 398,False,7,[0 0 0 ... 0 0 0],[0 0 0 ... 0 0 0]
125,dataset_yolo/autos_bw/auto125.png,data_21m/autos_bw/auto125_rep02.png,CCQ 398,False,5,[0 0 0 ... 0 0 0],[0 0 0 ... 0 0 0]
125,dataset_yolo/autos_bw/auto125.png,data_21m/autos_bw/auto125_rep03.png,CCQ 398,False,3,[0 0 0 ... 0 0 0],[0 0 0 ... 0 0 0]
125,dataset_yolo/autos_bw/auto125.png,data_21m/autos_bw/auto125_rep04.png,CCQ 398,False,2,[0 0 0 ... 0 0 0],[0 0 0 ... 0 0 0]
125,dataset_yolo/autos_bw/auto125.png,data_21m/autos_bw/auto125_rep05.png,CCQ 398,False,3,[0 0 0 ... 0 0 0],[0 0 0 ... 0 0 0]
125,dataset_yolo/autos_bw/auto125.png,data_21m/autos_bw/auto125_rep06.png,CCQ 398,False,3,[0 0 0 ... 0 0 0],[0 0 0 ... 0 0 0]
125,dataset_yolo/autos_bw/auto125.png,data_21m/autos_bw/auto125_rep07.png,CCQ 398,False,3,[0 0 0 ... 0 0 0],[0 0 0 ... 0 0 0]
125,dataset_yolo/autos_bw/auto125.png,data_21m/autos_bw/auto125_rep08.png,CCQ 398,False,3,[0 0 0 ... 0 0 0],[0 0 0 ... 0 0 0]
125,dataset_yolo/autos_bw/auto125.png,data_21m/autos_bw/auto125_rep09.png,CCQ 398,False,3,[0 0 0 ... 0 0 0],[0 0 0 ... 0 0 0]
125,dataset_yolo/autos_bw/auto125.png,data_21m/autos_bw/auto125_rep10.png,CCQ 398,False,3,[0 0 0 ... 0 0 0],[0 0 0 ... 0 0 0]
125,dataset_yolo/autos_bw/auto125.png,data_21m/autos_bw/auto125_rep11.png,CCQ 398,False,3,[0 0 0 ... 0 0 0],[0 0 0 ... 0 0 0]
125,dataset_yolo/autos_bw/auto125.png,data_21m/autos_bw/auto125_rep12.png,CCQ 398,False,3,[0 0 0 ... 0 0 0],[0 0 0 ... 0 0 0]
125,dataset_yolo/autos_bw/auto125.png,data_21m/autos_bw/auto125_rep13.png,CCQ 398,False,5,[0 0 0 ... 0 0 0],[0 0 0 ... 0 0 0]
125,dataset_yolo/autos_bw/auto125.png,data_21m/autos_bw/auto125_rep14.png,CCQ 398,False,6,[0 0 0 ... 0 0 0],[0 0 0 ... 0 0 0]
126,dataset_yolo/autos_bw/auto126.png,data_21m/autos_bw/auto126_rep01.png,RKS 078,False,8,[0 0 0 ... 0 0 0],[0 0 0 ... 0 0 0]
126,dataset_yolo/autos_bw/auto126.png,data_21m/autos_bw/auto126_rep02.png,RKS 078,False,4,[0 0 0 ... 0 0 0],[0 0 0 ... 0 0 0]
126,dataset_yolo/autos_bw/auto126.png,data_21m/autos_bw/auto126_rep03.png,RKS 078,False,3,[0 0 0 ... 0 0 0],[0 0 0 ... 0 0 0]
126,dataset_yolo/autos_bw/auto126.png,data_21m/autos_bw/auto126_rep04.png,RKS 078,False,1,[0 0 0 ... 0 0 0],[0 0 0 ... 0 0 0]
126,dataset_yolo/autos_bw/auto126.png,data_21m/autos_bw/auto126_rep05.png,RKS 078,True,0,[0 0 0 ... 0 0 0],[0 0 0 ... 0 0 0]
126,dataset_yolo/autos_bw/auto126.png,data_21m/autos_bw/auto126_rep06.png,RKS 078,True,0,[0 0 0 ... 0 0 0],[0 0 0 ... 0 0 0]
127,dataset_yolo/autos_bw/auto127.png,data_21m/autos_bw/auto127_rep01.png,3C53S5,True,0,[0 0 0 ... 0 0 0],[0 0 0 ... 0 0 0]
127,dataset_yolo/autos_bw/auto127.png,data_21m/autos_bw/auto127_rep02.png,3C53S5,True,0,[0 0 0 ... 0 0 0],[0 0 0 ... 0 0 0]
127,dataset_yolo/autos_bw/auto127.png,data_21m/autos_bw/auto127_rep03.png,3C53S5,True,0,[0 0 0 ... 0 0 0],[0 0 0 ... 0 0 0]
127,dataset_yolo/autos_bw/auto127.png,data_21m/autos_bw/auto127_rep04.png,3C53S5,True,0,[0 0 0 ... 0 0 0],[0 0 0 ... 0 0 0]
127,dataset_yolo/autos_bw/auto127.png,data_21m/autos_bw/auto127_rep05.png,3C53S5,True,0,[0 0 0 ... 0 0 0],[0 0 0 ... 0 0 0]
127,dataset_yolo/autos_bw/auto127.png,data_21m/autos_bw/auto127_rep06.png,3C53S5,True,0,[0 0 0 ... 0 0 0],[0 0 0 ... 0 0 0]
127,dataset_yolo/autos_bw/auto127.png,data_21m/autos_bw/auto127_rep07.png,3C53S5,True,0,[0 0 0 ... 0 0 0],[0 0 0 ... 0 0 0]
127,dataset_yolo/autos_bw/auto127.png,data_21m/autos_bw/auto127_rep08.png,3C53S5,True,0,[0 0 0 ... 0 0 0],[0 0 0 ... 0 0 0]
127,dataset_yolo/autos_bw/auto127.png,data_21m/autos_bw/auto127_rep09.png,3C53S5,False,1,[0 0 0 ... 0 0 0],[0 0 0 ... 0 0 0]
127,dataset_yolo/autos_bw/auto127.png,data_21m/autos_bw/auto127_rep10.png,3C53S5,False,7,[0 0 0 ... 0 0 0],[0 0 0 ... 0 0 0]
128,dataset_yolo/autos_bw/auto128.png,data_21m/autos_bw/auto128_rep04.png,LPo806,False,5,[0 0 0 ... 1 1 0],[0 0 0 ... 1 1 0]
128,dataset_yolo/autos_bw/auto128.png,data_21m/autos_bw/auto128_rep05.png,LPo806,True,0,[0 0 0 ... 1 1 0],[0 0 0 ... 1 1 0]
128,dataset_yolo/autos_bw/auto128.png,data_21m/autos_bw/auto128_rep06.png,LPo806,True,0,[0 0 0 ... 1 1 0],[0 0 0 ... 1 1 0]
128,dataset_yolo/autos_bw/auto128.png,data_21m/autos_bw/auto128_rep07.png,LPo806,True,0,[0 0 0 ... 1 1 0],[0 0 0 ... 1 1 0]
128,dataset_yolo/autos_bw/auto128.png,data_21m/autos_bw/auto128_rep08.png,LPo806,True,0,[0 0 0 ... 1 1 0],[0 0 0 ... 1 1 0]
128,dataset_yolo/autos_bw/auto128.png,data_21m/autos_bw/auto128_rep09.png,LPo806,True,0,[0 0 0 ... 1 1 0],[0 0 0 ... 1 1 0]
128,dataset_yolo/autos_bw/auto128.png,data_21m/autos_bw/auto128_rep10.png,LPo806,True,0,[0 0 0 ... 1 1 0],[0 0 0 ... 1 1 0]
128,dataset_yolo/autos_bw/auto128.png,data_21m/autos_bw/auto128_rep11.png,LPo806,True,0,[0 0 0 ... 1 1 0],[0 0 0 ... 1 1 0]
128,dataset_yolo/autos_bw/auto128.png,data_21m/autos_bw/auto128_rep12.png,LPo806,True,0,[0 0 0 ... 1 1 0],[0 0 0 ... 1 1 0]
128,dataset_yolo/autos_bw/auto128.png,data_21m/autos_bw/auto128_rep13.png,LPo806,True,0,[0 0 0 ... 1 1 0],[0 0 0 ... 1 1 0]
128,dataset_yolo/autos_bw/auto128.png,data_21m/autos_bw/auto128_rep14.png,LPo806,True,0,[0 0 0 ... 1 1 0],[0 0 0 ... 1 1 0]
128,dataset_yolo/autos_bw/auto128.png,data_21m/autos_bw/auto128_rep15.png,LPo806,True,0,[0 0 0 ... 1 1 0],[0 0 0 ... 1 1 0]
129,dataset_yolo/autos_bw/auto129.png,data_21m/autos_bw/auto129_rep01.png,HBM 486,False,18,[0 0 0 ... 0 0 0],[0 0 0 ... 0 0 0]
129,dataset_yolo/autos_bw/auto129.png,data_21m/autos_bw/auto129_rep02.png,HBM 486,False,4,[0 0 0 ... 0 0 0],[0 0 0 ... 0 0 0]
129,dataset_yolo/autos_bw/auto129.png,data_21m/autos_bw/auto129_rep03.png,HBM 486,False,2,[0 0 0 ... 0 0 0],[0 0 0 ... 0 0 0]
130,dataset_yolo/autos_bw/auto130.png,data_21m/autos_bw/auto130_rep01.png,BYE.999,False,3,[0 0 0 ... 0 0 0],[0 0 0 ... 0 0 0]
130,dataset_yolo/autos_bw/auto130.png,data_21m/autos_bw/auto130_rep02.png,BYE.999,False,4,[0 0 0 ... 0 0 0],[0 0 0 ... 0 0 0]
130,dataset_yolo/autos_bw/auto130.png,data_21m/autos_bw/auto130_rep03.png,BYE.999,False,4,[0 0 0 ... 0 0 0],[0 0 0 ... 0 0 0]
130,dataset_yolo/autos_bw/auto130.png,data_21m/autos_bw/auto130_rep04.png,BYE.999,False,4,[0 0 0 ... 0 0 0],[0 0 0 ... 0 0 0]
130,dataset_yolo/autos_bw/auto130.png,data_21m/autos_bw/auto130_rep05.png,BYE.999,False,4,[0 0 0 ... 0 0 0],[0 0 0 ... 0 0 0]
130,dataset_yolo/autos_bw/auto130.png,data_21m/autos_bw/auto130_rep06.png,BYE.999,False,4,[0 0 0 ... 0 0 0],[0 0 0 ... 0 0 0]
130,dataset_yolo/autos_bw/auto130.png,data_21m/autos_bw/auto130_rep07.png,BYE.999,False,6,[0 0 0 ... 0 0 0],[0 0 0 ... 0 0 0]
130,dataset_yolo/autos_bw/auto130.png,data_21m/autos_bw/auto130_rep08.png,BYE.999,False,6,[0 0 0 ... 0 0 0],[0 0 0 ... 0 0 0]
131,dataset_yolo/autos_bw/auto131.png,data_21m/autos_bw/auto131_rep01.png,Lox267,True,0,[1 1 1 ... 0 0 0],[1 1 1 ... 0 0 0]
131,dataset_yolo/autos_bw/auto131.png,data_21m/autos_bw/auto131_rep02.png,Lox267,True,0,[1 1 1 ... 0 0 0],[1 1 1 ... 0 0 0]
131,dataset_yolo/autos_bw/auto131.png,data_21m/autos_bw/auto131_rep03.png,Lox267,True,0,[1 1 1 ... 0 0 0],[1 1 1 ... 0 0 0]
131,dataset_yolo/autos_bw/auto131.png,data_21m/autos_bw/auto131_rep04.png,Lox267,True,0,[1 1 1 ... 0 0 0],[1 1 1 ... 0 0 0]
131,dataset_yolo/autos_bw/auto131.png,data_21m/autos_bw/auto131_rep05.png,Lox267,True,0,[1 1 1 ... 0 0 0],[1 1 1 ... 0 0 0]
131,dataset_yolo/autos_bw/auto131.png,data_21m/autos_bw/auto131_rep06.png,Lox267,True,0,[1 1 1 ... 0 0 0],[1 1 1 ... 0 0 0]
131,dataset_yolo/autos_bw/auto131.png,data_21m/autos_bw/auto131_rep07.png,Lox267,True,0,[1 1 1 ... 0 0 0],[1 1 1 ... 0 0 0]
131,dataset_yolo/autos_bw/auto131.png,data_21m/autos_bw/auto131_rep08.png,Lox267,True,0,[1 1 1 ... 0 0 0],[1 1 1 ... 0 0 0]
131,dataset_yolo/autos_bw/auto131.png,data_21m/autos_bw/auto131_rep09.png,Lox267,True,0,[1 1 1 ... 0 0 0],[1 1 1 ... 0 0 0]
133,dataset_yolo/autos_bw/auto133.png,data_21m/autos_bw/auto133_rep01.png,PDX389,False,7,[0 0 0 ... 1 1 1],[0 0 0 ... 1 1 1]
133,dataset_yolo/autos_bw/auto133.png,data_21m/autos_bw/auto133_rep02.png,PDX389,False,6,[0 0 0 ... 1 1 1],[0 0 0 ... 1 1 1]
133,dataset_yolo/autos_bw/auto133.png,data_21m/autos_bw/auto133_rep03.png,PDX389,False,6,[0 0 0 ... 1 1 1],[0 0 0 ... 1 1 1]
133,dataset_yolo/autos_bw/auto133.png,data_21m/autos_bw/auto133_rep04.png,PDX389,False,4,[0 0 0 ... 1 1 1],[0 0 0 ... 1 1 1]
133,dataset_yolo/autos_bw/auto133.png,data_21m/autos_bw/auto133_rep05.png,PDX389,False,4,[0 0 0 ... 1 1 1],[0 0 0 ... 1 1 1]
133,dataset_yolo/autos_bw/auto133.png,data_21m/autos_bw/auto133_rep06.png,PDX389,False,5,[0 0 0 ... 1 1 1],[0 0 0 ... 1 1 1]
133,dataset_yolo/autos_bw/auto133.png,data_21m/autos_bw/auto133_rep07.png,PDX389,False,5,[0 0 0 ... 1 1 1],[0 0 0 ... 1 1 1]
133,dataset_yolo/autos_bw/auto133.png,data_21m/autos_bw/auto133_rep08.png,PDX389,False,5,[0 0 0 ... 1 1 1],[0 0 0 ... 1 1 1]
133,dataset_yolo/autos_bw/auto133.png,data_21m/autos_bw/auto133_rep09.png,PDX389,False,8,[0 0 0 ... 1 1 1],[0 0 0 ... 1 1 1]
134,dataset_yolo/autos_bw/auto134.png,data_21m/autos_bw/auto134_rep01.png,GPS 178,True,0,[0 0 0 ... 0 0 0],[0 0 0 ... 0 0 0]
134,dataset_yolo/autos_bw/auto134.png,data_21m/autos_bw/auto134_rep02.png,GPS 178,True,0,[0 0 0 ... 0 0 0],[0 0 0 ... 0 0 0]
134,dataset_yolo/autos_bw/auto134.png,data_21m/autos_bw/auto134_rep03.png,GPS 178,True,0,[0 0 0 ... 0 0 0],[0 0 0 ... 0 0 0]
134,dataset_yolo/autos_bw/auto134.png,data_21m/autos_bw/auto134_rep04.png,GPS 178,True,0,[0 0 0 ... 0 0 0],[0 0 0 ... 0 0 0]
134,dataset_yolo/autos_bw/auto134.png,data_21m/autos_bw/auto134_rep05.png,GPS 178,True,0,[0 0 0 ... 0 0 0],[0 0 0 ... 0 0 0]
134,dataset_yolo/autos_bw/auto134.png,data_21m/autos_bw/auto134_rep06.png,GPS 178,True,0,[0 0 0 ... 0 0 0],[0 0 0 ... 0 0 0]
134,dataset_yolo/autos_bw/auto134.png,data_21m/autos_bw/auto134_rep07.png,GPS 178,True,0,[0 0 0 ... 0 0 0],[0 0 0 ... 0 0 0]
134,dataset_yolo/autos_bw/auto134.png,data_21m/autos_bw/auto134_rep08.png,GPS 178,True,0,[0 0 0 ... 0 0 0],[0 0 0 ... 0 0 0]
134,dataset_yolo/autos_bw/auto134.png,data_21m/autos_bw/auto134_rep09.png,GPS 178,True,0,[0 0 0 ... 0 0 0],[0 0 0 ... 0 0 0]
134,dataset_yolo/autos_bw/auto134.png,data_21m/autos_bw/auto134_rep10.png,GPS 178,True,0,[0 0 0 ... 0 0 0],[0 0 0 ... 0 0 0]
134,dataset_yolo/autos_bw/auto134.png,data_21m/autos_bw/auto134_rep11.png,GPS 178,True,0,[0 0 0 ... 0 0 0],[0 0 0 ... 0 0 0]
136,dataset_yolo/autos_bw/auto136.png,data_21m/autos_bw/auto136_rep01.png,700,True,0,[0 0 0 ... 0 1 0],[0 0 0 ... 0 1 0]
136,dataset_yolo/autos_bw/auto136.png,data_21m/autos_bw/auto136_rep02.png,700,True,0,[0 0 0 ... 0 1 0],[0 0 0 ... 0 1 0]
136,dataset_yolo/autos_bw/auto136.png,data_21m/autos_bw/auto136_rep03.png,700,True,0,[0 0 0 ... 0 1 0],[0 0 0 ... 0 1 0]
136,dataset_yolo/autos_bw/auto136.png,data_21m/autos_bw/auto136_rep04.png,700,True,0,[0 0 0 ... 0 1 0],[0 0 0 ... 0 1 0]
136,dataset_yolo/autos_bw/auto136.png,data_21m/autos_bw/auto136_rep05.png,700,True,0,[0 0 0 ... 0 1 0],[0 0 0 ... 0 1 0]
136,dataset_yolo/autos_bw/auto136.png,data_21m/autos_bw/auto136_rep06.png,700,True,0,[0 0 0 ... 0 1 0],[0 0 0 ... 0 1 0]
136,dataset_yolo/autos_bw/auto136.png,data_21m/autos_bw/auto136_rep07.png,700,True,0,[0 0 0 ... 0 1 0],[0 0 0 ... 0 1 0]
136,dataset_yolo/autos_bw/auto136.png,data_21m/autos_bw/auto136_rep08.png,700,True,0,[0 0 0 ... 0 1 0],[0 0 0 ... 0 1 0]
136,dataset_yolo/autos_bw/auto136.png,data_21m/autos_bw/auto136_rep09.png,700,True,0,[0 0 0 ... 0 1 0],[0 0 0 ... 0 1 0]
136,dataset_yolo/autos_bw/auto136.png,data_21m/autos_bw/auto136_rep10.png,700,True,0,[0 0 0 ... 0 1 0],[0 0 0 ... 0 1 0]
136,dataset_yolo/autos_bw/auto136.png,data_21m/autos_bw/auto136_rep11.png,700,True,0,[0 0 0 ... 0 1 0],[0 0 0 ... 0 1 0]
0,,data_21m/autos_bw/auto000_rep01.png,,False,2000,,[0 0 0 ... 0 0 0]
137,dataset_yolo/autos_bw/auto137.png,data_21m/autos_bw/auto137_rep01.png,KTP 060,False,1,[0 0 0 ... 0 0 0],[0 0 0 ... 0 0 0]
137,dataset_yolo/autos_bw/auto137.png,data_21m/autos_bw/auto137_rep02.png,KTP 060,True,0,[0 0 0 ... 0 0 0],[0 0 0 ... 0 0 0]
137,dataset_yolo/autos_bw/auto137.png,data_21m/autos_bw/auto137_rep03.png,KTP 060,True,0,[0 0 0 ... 0 0 0],[0 0 0 ... 0 0 0]
137,dataset_yolo/autos_bw/auto137.png,data_21m/autos_bw/auto137_rep04.png,KTP 060,True,0,[0 0 0 ... 0 0 0],[0 0 0 ... 0 0 0]
137,dataset_yolo/autos_bw/auto137.png,data_21m/autos_bw/auto137_rep05.png,KTP 060,True,0,[0 0 0 ... 0 0 0],[0 0 0 ... 0 0 0]
137,dataset_yolo/autos_bw/auto137.png,data_21m/autos_bw/auto137_rep06.png,KTP 060,True,0,[0 0 0 ... 0 0 0],[0 0 0 ... 0 0 0]
137,dataset_yolo/autos_bw/auto137.png,data_21m/autos_bw/auto137_rep07.png,KTP 060,True,0,[0 0 0 ... 0 0 0],[0 0 0 ... 0 0 0]
137,dataset_yolo/autos_bw/auto137.png,data_21m/autos_bw/auto137_rep08.png,KTP 060,True,0,[0 0 0 ... 0 0 0],[0 0 0 ... 0 0 0]
33,dataset_yolo/autos_bw/auto033.png,data_21m/autos_bw/auto033_rep11.png,NKU:190,False,948,[0 0 0 ... 0 0 0],[1 0 1 ... 0 0 0]
139,dataset_yolo/autos_bw/auto139.png,data_21m/autos_bw/auto139_rep01.png,PFH232,False,5,[0 0 0 ... 0 0 0],[0 0 0 ... 0 0 0]
33,dataset_yolo/autos_bw/auto033.png,data_21m/autos_bw/auto033_rep12.png,NKU:190,False,948,[0 0 0 ... 0 0 0],[1 0 1 ... 0 0 0]
139,dataset_yolo/autos_bw/auto139.png,data_21m/autos_bw/auto139_rep02.png,PFH232,False,3,[0 0 0 ... 0 0 0],[0 0 0 ... 0 0 0]
139,dataset_yolo/autos_bw/auto139.png,data_21m/autos_bw/auto139_rep03.png,PFH232,False,3,[0 0 0 ... 0 0 0],[0 0 0 ... 0 0 0]
139,dataset_yolo/autos_bw/auto139.png,data_21m/autos_bw/auto139_rep04.png,PFH232,False,3,[0 0 0 ... 0 0 0],[0 0 0 ... 0 0 0]
139,dataset_yolo/autos_bw/auto139.png,data_21m/autos_bw/auto139_rep05.png,PFH232,False,3,[0 0 0 ... 0 0 0],[0 0 0 ... 0 0 0]
139,dataset_yolo/autos_bw/auto139.png,data_21m/autos_bw/auto139_rep06.png,PFH232,False,2,[0 0 0 ... 0 0 0],[0 0 0 ... 0 0 0]
139,dataset_yolo/autos_bw/auto139.png,data_21m/autos_bw/auto139_rep07.png,PFH232,False,3,[0 0 0 ... 0 0 0],[0 0 0 ... 0 0 0]
139,dataset_yolo/autos_bw/auto139.png,data_21m/autos_bw/auto139_rep08.png,PFH232,False,3,[0 0 0 ... 0 0 0],[0 0 0 ... 0 0 0]
140,dataset_yolo/autos_bw/auto140.png,data_21m/autos_bw/auto140_rep01.png,DDKZ1O,False,1,[0 0 0 ... 1 1 1],[0 0 0 ... 1 1 1]
140,dataset_yolo/autos_bw/auto140.png,data_21m/autos_bw/auto140_rep02.png,DDKZ1O,False,1,[0 0 0 ... 1 1 1],[0 0 0 ... 1 1 1]
140,dataset_yolo/autos_bw/auto140.png,data_21m/autos_bw/auto140_rep03.png,DDKZ1O,False,1,[0 0 0 ... 1 1 1],[0 0 0 ... 1 1 1]
140,dataset_yolo/autos_bw/auto140.png,data_21m/autos_bw/auto140_rep04.png,DDKZ1O,True,0,[0 0 0 ... 1 1 1],[0 0 0 ... 1 1 1]
140,dataset_yolo/autos_bw/auto140.png,data_21m/autos_bw/auto140_rep05.png,DDKZ1O,True,0,[0 0 0 ... 1 1 1],[0 0 0 ... 1 1 1]
140,dataset_yolo/autos_bw/auto140.png,data_21m/autos_bw/auto140_rep06.png,DDKZ1O,True,0,[0 0 0 ... 1 1 1],[0 0 0 ... 1 1 1]
141,dataset_yolo/autos_bw/auto141.png,data_21m/autos_bw/auto141_rep01.png,400,True,0,[0 0 0 ... 0 0 0],[0 0 0 ... 0 0 0]
141,dataset_yolo/autos_bw/auto141.png,data_21m/autos_bw/auto141_rep02.png,400,True,0,[0 0 0 ... 0 0 0],[0 0 0 ... 0 0 0]
141,dataset_yolo/autos_bw/auto141.png,data_21m/autos_bw/auto141_rep03.png,400,True,0,[0 0 0 ... 0 0 0],[0 0 0 ... 0 0 0]
142,dataset_yolo/autos_bw/auto142.png,data_21m/autos_bw/auto142_rep01.png,D.C:,True,0,[1 1 1 ... 0 0 0],[1 1 1 ... 0 0 0]
142,dataset_yolo/autos_bw/auto142.png,data_21m/autos_bw/auto142_rep02.png,D.C:,True,0,[1 1 1 ... 0 0 0],[1 1 1 ... 0 0 0]
142,dataset_yolo/autos_bw/auto142.png,data_21m/autos_bw/auto142_rep03.png,D.C:,True,0,[1 1 1 ... 0 0 0],[1 1 1 ... 0 0 0]
142,dataset_yolo/autos_bw/auto142.png,data_21m/autos_bw/auto142_rep04.png,D.C:,True,0,[1 1 1 ... 0 0 0],[1 1 1 ... 0 0 0]
142,dataset_yolo/autos_bw/auto142.png,data_21m/autos_bw/auto142_rep05.png,D.C:,True,0,[1 1 1 ... 0 0 0],[1 1 1 ... 0 0 0]
142,dataset_yolo/autos_bw/auto142.png,data_21m/autos_bw/auto142_rep06.png,D.C:,True,0,[1 1 1 ... 0 0 0],[1 1 1 ... 0 0 0]
142,dataset_yolo/autos_bw/auto142.png,data_21m/autos_bw/auto142_rep07.png,D.C:,True,0,[1 1 1 ... 0 0 0],[1 1 1 ... 0 0 0]
142,dataset_yolo/autos_bw/auto142.png,data_21m/autos_bw/auto142_rep08.png,D.C:,True,0,[1 1 1 ... 0 0 0],[1 1 1 ... 0 0 0]
142,dataset_yolo/autos_bw/auto142.png,data_21m/autos_bw/auto142_rep09.png,D.C:,True,0,[1 1 1 ... 0 0 0],[1 1 1 ... 0 0 0]
142,dataset_yolo/autos_bw/auto142.png,data_21m/autos_bw/auto142_rep10.png,D.C:,True,0,[1 1 1 ... 0 0 0],[1 1 1 ... 0 0 0]
143,dataset_yolo/autos_bw/auto143.png,data_21m/autos_bw/auto143_rep01.png,420,True,0,[1 1 1 ... 0 0 0],[1 1 1 ... 0 0 0]
143,dataset_yolo/autos_bw/auto143.png,data_21m/autos_bw/auto143_rep02.png,420,True,0,[1 1 1 ... 0 0 0],[1 1 1 ... 0 0 0]
143,dataset_yolo/autos_bw/auto143.png,data_21m/autos_bw/auto143_rep03.png,420,True,0,[1 1 1 ... 0 0 0],[1 1 1 ... 0 0 0]
144,dataset_yolo/autos_bw/auto144.png,data_21m/autos_bw/auto144_rep01.png,ICKA 779,True,0,[0 0 0 ... 1 1 1],[0 0 0 ... 1 1 1]
144,dataset_yolo/autos_bw/auto144.png,data_21m/autos_bw/auto144_rep02.png,ICKA 779,True,0,[0 0 0 ... 1 1 1],[0 0 0 ... 1 1 1]
144,dataset_yolo/autos_bw/auto144.png,data_21m/autos_bw/auto144_rep03.png,ICKA 779,True,0,[0 0 0 ... 1 1 1],[0 0 0 ... 1 1 1]
144,dataset_yolo/autos_bw/auto144.png,data_21m/autos_bw/auto144_rep04.png,ICKA 779,True,0,[0 0 0 ... 1 1 1],[0 0 0 ... 1 1 1]
144,dataset_yolo/autos_bw/auto144.png,data_21m/autos_bw/auto144_rep05.png,ICKA 779,True,0,[0 0 0 ... 1 1 1],[0 0 0 ... 1 1 1]
144,dataset_yolo/autos_bw/auto144.png,data_21m/autos_bw/auto144_rep06.png,ICKA 779,True,0,[0 0 0 ... 1 1 1],[0 0 0 ... 1 1 1]
144,dataset_yolo/autos_bw/auto144.png,data_21m/autos_bw/auto144_rep07.png,ICKA 779,True,0,[0 0 0 ... 1 1 1],[0 0 0 ... 1 1 1]
144,dataset_yolo/autos_bw/auto144.png,data_21m/autos_bw/auto144_rep08.png,ICKA 779,True,0,[0 0 0 ... 1 1 1],[0 0 0 ... 1 1 1]
145,dataset_yolo/autos_bw/auto145.png,data_21m/autos_bw/auto145_rep01.png,RBR 716,True,0,[0 0 0 ... 0 0 0],[0 0 0 ... 0 0 0]
145,dataset_yolo/autos_bw/auto145.png,data_21m/autos_bw/auto145_rep02.png,RBR 716,True,0,[0 0 0 ... 0 0 0],[0 0 0 ... 0 0 0]
145,dataset_yolo/autos_bw/auto145.png,data_21m/autos_bw/auto145_rep03.png,RBR 716,True,0,[0 0 0 ... 0 0 0],[0 0 0 ... 0 0 0]
145,dataset_yolo/autos_bw/auto145.png,data_21m/autos_bw/auto145_rep04.png,RBR 716,True,0,[0 0 0 ... 0 0 0],[0 0 0 ... 0 0 0]
145,dataset_yolo/autos_bw/auto145.png,data_21m/autos_bw/auto145_rep05.png,RBR 716,True,0,[0 0 0 ... 0 0 0],[0 0 0 ... 0 0 0]
145,dataset_yolo/autos_bw/auto145.png,data_21m/autos_bw/auto145_rep06.png,RBR 716,True,0,[0 0 0 ... 0 0 0],[0 0 0 ... 0 0 0]
145,dataset_yolo/autos_bw/auto145.png,data_21m/autos_bw/auto145_rep07.png,RBR 716,True,0,[0 0 0 ... 0 0 0],[0 0 0 ... 0 0 0]
145,dataset_yolo/autos_bw/auto145.png,data_21m/autos_bw/auto145_rep08.png,RBR 716,True,0,[0 0 0 ... 0 0 0],[0 0 0 ... 0 0 0]
145,dataset_yolo/autos_bw/auto145.png,data_21m/autos_bw/auto145_rep09.png,RBR 716,True,0,[0 0 0 ... 0 0 0],[0 0 0 ... 0 0 0]
146,dataset_yolo/autos_bw/auto146.png,data_21m/autos_bw/auto146_rep01.png,FPV 437,True,0,[0 0 0 ... 0 0 0],[0 0 0 ... 0 0 0]
147,dataset_yolo/autos_bw/auto147.png,data_21m/autos_bw/auto147_rep01.png,MBO 657,True,0,[0 0 0 ... 0 0 0],[0 0 0 ... 0 0 0]
147,dataset_yolo/autos_bw/auto147.png,data_21m/autos_bw/auto147_rep02.png,MBO 657,True,0,[0 0 0 ... 0 0 0],[0 0 0 ... 0 0 0]
147,dataset_yolo/autos_bw/auto147.png,data_21m/autos_bw/auto147_rep03.png,MBO 657,True,0,[0 0 0 ... 0 0 0],[0 0 0 ... 0 0 0]
147,dataset_yolo/autos_bw/auto147.png,data_21m/autos_bw/auto147_rep04.png,MBO 657,True,0,[0 0 0 ... 0 0 0],[0 0 0 ... 0 0 0]
147,dataset_yolo/autos_bw/auto147.png,data_21m/autos_bw/auto147_rep05.png,MBO 657,True,0,[0 0 0 ... 0 0 0],[0 0 0 ... 0 0 0]
147,dataset_yolo/autos_bw/auto147.png,data_21m/autos_bw/auto147_rep06.png,MBO 657,True,0,[0 0 0 ... 0 0 0],[0 0 0 ... 0 0 0]
147,dataset_yolo/autos_bw/auto147.png,data_21m/autos_bw/auto147_rep07.png,MBO 657,True,0,[0 0 0 ... 0 0 0],[0 0 0 ... 0 0 0]
147,dataset_yolo/autos_bw/auto147.png,data_21m/autos_bw/auto147_rep08.png,MBO 657,True,0,[0 0 0 ... 0 0 0],[0 0 0 ... 0 0 0]
148,dataset_yolo/autos_bw/auto148.png,data_21m/autos_bw/auto148_rep01.png,LNV 887],True,0,[0 0 0 ... 0 0 0],[0 0 0 ... 0 0 0]
148,dataset_yolo/autos_bw/auto148.png,data_21m/autos_bw/auto148_rep02.png,LNV 887],True,0,[0 0 0 ... 0 0 0],[0 0 0 ... 0 0 0]
148,dataset_yolo/autos_bw/auto148.png,data_21m/autos_bw/auto148_rep03.png,LNV 887],True,0,[0 0 0 ... 0 0 0],[0 0 0 ... 0 0 0]
148,dataset_yolo/autos_bw/auto148.png,data_21m/autos_bw/auto148_rep04.png,LNV 887],True,0,[0 0 0 ... 0 0 0],[0 0 0 ... 0 0 0]
148,dataset_yolo/autos_bw/auto148.png,data_21m/autos_bw/auto148_rep05.png,LNV 887],True,0,[0 0 0 ... 0 0 0],[0 0 0 ... 0 0 0]
148,dataset_yolo/autos_bw/auto148.png,data_21m/autos_bw/auto148_rep06.png,LNV 887],True,0,[0 0 0 ... 0 0 0],[0 0 0 ... 0 0 0]
148,dataset_yolo/autos_bw/auto148.png,data_21m/autos_bw/auto148_rep07.png,LNV 887],True,0,[0 0 0 ... 0 0 0],[0 0 0 ... 0 0 0]
148,dataset_yolo/autos_bw/auto148.png,data_21m/autos_bw/auto148_rep08.png,LNV 887],True,0,[0 0 0 ... 0 0 0],[0 0 0 ... 0 0 0]
148,dataset_yolo/autos_bw/auto148.png,data_21m/autos_bw/auto148_rep09.png,LNV 887],True,0,[0 0 0 ... 0 0 0],[0 0 0 ... 0 0 0]
148,dataset_yolo/autos_bw/auto148.png,data_21m/autos_bw/auto148_rep10.png,LNV 887],False,987,[0 0 0 ... 0 0 0],[0 0 0 ... 0 0 0]
150,dataset_yolo/autos_bw/auto150.png,data_21m/autos_bw/auto150_rep01.png,BEJ 619,False,1,[0 0 0 ... 0 1 0],[0 0 0 ... 0 1 0]
150,dataset_yolo/autos_bw/auto150.png,data_21m/autos_bw/auto150_rep02.png,BEJ 619,True,0,[0 0 0 ... 0 1 0],[0 0 0 ... 0 1 0]
150,dataset_yolo/autos_bw/auto150.png,data_21m/autos_bw/auto150_rep03.png,BEJ 619,True,0,[0 0 0 ... 0 1 0],[0 0 0 ... 0 1 0]
150,dataset_yolo/autos_bw/auto150.png,data_21m/autos_bw/auto150_rep04.png,BEJ 619,True,0,[0 0 0 ... 0 1 0],[0 0 0 ... 0 1 0]
150,dataset_yolo/autos_bw/auto150.png,data_21m/autos_bw/auto150_rep05.png,BEJ 619,True,0,[0 0 0 ... 0 1 0],[0 0 0 ... 0 1 0]
150,dataset_yolo/autos_bw/auto150.png,data_21m/autos_bw/auto150_rep06.png,BEJ 619,True,0,[0 0 0 ... 0 1 0],[0 0 0 ... 0 1 0]
150,dataset_yolo/autos_bw/auto150.png,data_21m/autos_bw/auto150_rep07.png,BEJ 619,True,0,[0 0 0 ... 0 1 0],[0 0 0 ... 0 1 0]
150,dataset_yolo/autos_bw/auto150.png,data_21m/autos_bw/auto150_rep08.png,BEJ 619,True,0,[0 0 0 ... 0 1 0],[0 0 0 ... 0 1 0]
150,dataset_yolo/autos_bw/auto150.png,data_21m/autos_bw/auto150_rep09.png,BEJ 619,True,0,[0 0 0 ... 0 1 0],[0 0 0 ... 0 1 0]
150,dataset_yolo/autos_bw/auto150.png,data_21m/autos_bw/auto150_rep10.png,BEJ 619,True,0,[0 0 0 ... 0 1 0],[0 0 0 ... 0 1 0]
150,dataset_yolo/autos_bw/auto150.png,data_21m/autos_bw/auto150_rep11.png,BEJ 619,True,0,[0 0 0 ... 0 1 0],[0 0 0 ... 0 1 0]
138,dataset_yolo/autos_bw/auto138.png,data_21m/autos_bw/auto138_rep01.png,FOR 4381,False,1033,[0 0 0 ... 0 0 0],[0 0 0 ... 1 1 1]
151,dataset_yolo/autos_bw/auto151.png,data_21m/autos_bw/auto151_rep01.png,PCN906,False,2,[0 0 0 ... 0 0 0],[0 0 0 ... 0 0 0]
151,dataset_yolo/autos_bw/auto151.png,data_21m/autos_bw/auto151_rep02.png,PCN906,True,0,[0 0 0 ... 0 0 0],[0 0 0 ... 0 0 0]
151,dataset_yolo/autos_bw/auto151.png,data_21m/autos_bw/auto151_rep03.png,PCN906,True,0,[0 0 0 ... 0 0 0],[0 0 0 ... 0 0 0]
151,dataset_yolo/autos_bw/auto151.png,data_21m/autos_bw/auto151_rep04.png,PCN906,True,0,[0 0 0 ... 0 0 0],[0 0 0 ... 0 0 0]
151,dataset_yolo/autos_bw/auto151.png,data_21m/autos_bw/auto151_rep05.png,PCN906,True,0,[0 0 0 ... 0 0 0],[0 0 0 ... 0 0 0]
151,dataset_yolo/autos_bw/auto151.png,data_21m/autos_bw/auto151_rep06.png,PCN906,True,0,[0 0 0 ... 0 0 0],[0 0 0 ... 0 0 0]
151,dataset_yolo/autos_bw/auto151.png,data_21m/autos_bw/auto151_rep07.png,PCN906,True,0,[0 0 0 ... 0 0 0],[0 0 0 ... 0 0 0]
151,dataset_yolo/autos_bw/auto151.png,data_21m/autos_bw/auto151_rep08.png,PCN906,True,0,[0 0 0 ... 0 0 0],[0 0 0 ... 0 0 0]
152,dataset_yolo/autos_bw/auto152.png,data_21m/autos_bw/auto152_rep01.png,BOE:207,True,0,[0 0 0 ... 1 1 1],[0 0 0 ... 1 1 1]
153,dataset_yolo/autos_bw/auto153.png,data_21m/autos_bw/auto153_rep01.png,ELU 362,True,0,[1 1 1 ... 1 1 1],[1 1 1 ... 1 1 1]
153,dataset_yolo/autos_bw/auto153.png,data_21m/autos_bw/auto153_rep02.png,ELU 362,True,0,[1 1 1 ... 1 1 1],[1 1 1 ... 1 1 1]
153,dataset_yolo/autos_bw/auto153.png,data_21m/autos_bw/auto153_rep03.png,ELU 362,True,0,[1 1 1 ... 1 1 1],[1 1 1 ... 1 1 1]
153,dataset_yolo/autos_bw/auto153.png,data_21m/autos_bw/auto153_rep04.png,ELU 362,True,0,[1 1 1 ... 1 1 1],[1 1 1 ... 1 1 1]
153,dataset_yolo/autos_bw/auto153.png,data_21m/autos_bw/auto153_rep05.png,ELU 362,True,0,[1 1 1 ... 1 1 1],[1 1 1 ... 1 1 1]
153,dataset_yolo/autos_bw/auto153.png,data_21m/autos_bw/auto153_rep06.png,ELU 362,True,0,[1 1 1 ... 1 1 1],[1 1 1 ... 1 1 1]
153,dataset_yolo/autos_bw/auto153.png,data_21m/autos_bw/auto153_rep07.png,ELU 362,True,0,[1 1 1 ... 1 1 1],[1 1 1 ... 1 1 1]
153,dataset_yolo/autos_bw/auto153.png,data_21m/autos_bw/auto153_rep08.png,ELU 362,True,0,[1 1 1 ... 1 1 1],[1 1 1 ... 1 1 1]
153,dataset_yolo/autos_bw/auto153.png,data_21m/autos_bw/auto153_rep09.png,ELU 362,True,0,[1 1 1 ... 1 1 1],[1 1 1 ... 1 1 1]
154,dataset_yolo/autos_bw/auto154.png,data_21m/autos_bw/auto154_rep01.png,LLS 926,True,0,[1 1 1 ... 1 1 1],[1 1 1 ... 1 1 1]
154,dataset_yolo/autos_bw/auto154.png,data_21m/autos_bw/auto154_rep02.png,LLS 926,True,0,[1 1 1 ... 1 1 1],[1 1 1 ... 1 1 1]
154,dataset_yolo/autos_bw/auto154.png,data_21m/autos_bw/auto154_rep03.png,LLS 926,True,0,[1 1 1 ... 1 1 1],[1 1 1 ... 1 1 1]
154,dataset_yolo/autos_bw/auto154.png,data_21m/autos_bw/auto154_rep04.png,LLS 926,True,0,[1 1 1 ... 1 1 1],[1 1 1 ... 1 1 1]
154,dataset_yolo/autos_bw/auto154.png,data_21m/autos_bw/auto154_rep05.png,LLS 926,True,0,[1 1 1 ... 1 1 1],[1 1 1 ... 1 1 1]
154,dataset_yolo/autos_bw/auto154.png,data_21m/autos_bw/auto154_rep06.png,LLS 926,True,0,[1 1 1 ... 1 1 1],[1 1 1 ... 1 1 1]
155,dataset_yolo/autos_bw/auto155.png,data_21m/autos_bw/auto155_rep01.png,LMV 166,True,0,[1 1 1 ... 0 0 0],[1 1 1 ... 0 0 0]
155,dataset_yolo/autos_bw/auto155.png,data_21m/autos_bw/auto155_rep02.png,LMV 166,True,0,[1 1 1 ... 0 0 0],[1 1 1 ... 0 0 0]
155,dataset_yolo/autos_bw/auto155.png,data_21m/autos_bw/auto155_rep03.png,LMV 166,True,0,[1 1 1 ... 0 0 0],[1 1 1 ... 0 0 0]
156,dataset_yolo/autos_bw/auto156.png,data_21m/autos_bw/auto156_rep01.png,FYS-148,True,0,[0 0 0 ... 0 0 1],[0 0 0 ... 0 0 1]
156,dataset_yolo/autos_bw/auto156.png,data_21m/autos_bw/auto156_rep02.png,FYS-148,True,0,[0 0 0 ... 0 0 1],[0 0 0 ... 0 0 1]
156,dataset_yolo/autos_bw/auto156.png,data_21m/autos_bw/auto156_rep03.png,FYS-148,True,0,[0 0 0 ... 0 0 1],[0 0 0 ... 0 0 1]
156,dataset_yolo/autos_bw/auto156.png,data_21m/autos_bw/auto156_rep04.png,FYS-148,True,0,[0 0 0 ... 0 0 1],[0 0 0 ... 0 0 1]
156,dataset_yolo/autos_bw/auto156.png,data_21m/autos_bw/auto156_rep05.png,FYS-148,True,0,[0 0 0 ... 0 0 1],[0 0 0 ... 0 0 1]
156,dataset_yolo/autos_bw/auto156.png,data_21m/autos_bw/auto156_rep06.png,FYS-148,True,0,[0 0 0 ... 0 0 1],[0 0 0 ... 0 0 1]
156,dataset_yolo/autos_bw/auto156.png,data_21m/autos_bw/auto156_rep07.png,FYS-148,True,0,[0 0 0 ... 0 0 1],[0 0 0 ... 0 0 1]
156,dataset_yolo/autos_bw/auto156.png,data_21m/autos_bw/auto156_rep08.png,FYS-148,True,0,[0 0 0 ... 0 0 1],[0 0 0 ... 0 0 1]
156,dataset_yolo/autos_bw/auto156.png,data_21m/autos_bw/auto156_rep09.png,FYS-148,True,0,[0 0 0 ... 0 0 1],[0 0 0 ... 0 0 1]
157,dataset_yolo/autos_bw/auto157.png,data_21m/autos_bw/auto157_rep01.png,BSY.339,True,0,[1 1 1 ... 0 0 0],[1 1 1 ... 0 0 0]
157,dataset_yolo/autos_bw/auto157.png,data_21m/autos_bw/auto157_rep02.png,BSY.339,True,0,[1 1 1 ... 0 0 0],[1 1 1 ... 0 0 0]
157,dataset_yolo/autos_bw/auto157.png,data_21m/autos_bw/auto157_rep03.png,BSY.339,True,0,[1 1 1 ... 0 0 0],[1 1 1 ... 0 0 0]
157,dataset_yolo/autos_bw/auto157.png,data_21m/autos_bw/auto157_rep04.png,BSY.339,True,0,[1 1 1 ... 0 0 0],[1 1 1 ... 0 0 0]
157,dataset_yolo/autos_bw/auto157.png,data_21m/autos_bw/auto157_rep05.png,BSY.339,True,0,[1 1 1 ... 0 0 0],[1 1 1 ... 0 0 0]
158,dataset_yolo/autos_bw/auto158.png,data_21m/autos_bw/auto158_rep01.png,RBN787,True,0,[1 1 1 ... 0 0 0],[1 1 1 ... 0 0 0]
158,dataset_yolo/autos_bw/auto158.png,data_21m/autos_bw/auto158_rep02.png,RBN787,True,0,[1 1 1 ... 0 0 0],[1 1 1 ... 0 0 0]
158,dataset_yolo/autos_bw/auto158.png,data_21m/autos_bw/auto158_rep03.png,RBN787,True,0,[1 1 1 ... 0 0 0],[1 1 1 ... 0 0 0]
158,dataset_yolo/autos_bw/auto158.png,data_21m/autos_bw/auto158_rep04.png,RBN787,True,0,[1 1 1 ... 0 0 0],[1 1 1 ... 0 0 0]
158,dataset_yolo/autos_bw/auto158.png,data_21m/autos_bw/auto158_rep05.png,RBN787,True,0,[1 1 1 ... 0 0 0],[1 1 1 ... 0 0 0]
32,dataset_yolo/autos_bw/auto032.png,data_21m/autos_bw/auto032_rep03.png,EMM 0391,False,827,[0 0 0 ... 0 0 0],[0 1 0 ... 0 0 0]
32,dataset_yolo/autos_bw/auto032.png,data_21m/autos_bw/auto032_rep04.png,EMM 0391,False,827,[0 0 0 ... 0 0 0],[0 1 0 ... 0 0 0]
16,dataset_yolo/autos_bw/auto016.png,data_21m/autos_bw/auto016_rep09.png,DAt:770,False,959,[1 1 1 ... 0 0 0],[0 0 0 ... 0 0 0]
159,dataset_yolo/autos_bw/auto159.png,data_21m/autos_bw/auto159_rep01.png,RMo:789,False,2,[0 0 0 ... 1 1 1],[0 0 0 ... 1 1 1]
159,dataset_yolo/autos_bw/auto159.png,data_21m/autos_bw/auto159_rep02.png,RMo:789,True,0,[0 0 0 ... 1 1 1],[0 0 0 ... 1 1 1]
159,dataset_yolo/autos_bw/auto159.png,data_21m/autos_bw/auto159_rep03.png,RMo:789,True,0,[0 0 0 ... 1 1 1],[0 0 0 ... 1 1 1]
159,dataset_yolo/autos_bw/auto159.png,data_21m/autos_bw/auto159_rep04.png,RMo:789,True,0,[0 0 0 ... 1 1 1],[0 0 0 ... 1 1 1]
159,dataset_yolo/autos_bw/auto159.png,data_21m/autos_bw/auto159_rep05.png,RMo:789,True,0,[0 0 0 ... 1 1 1],[0 0 0 ... 1 1 1]
159,dataset_yolo/autos_bw/auto159.png,data_21m/autos_bw/auto159_rep06.png,RMo:789,True,0,[0 0 0 ... 1 1 1],[0 0 0 ... 1 1 1]
159,dataset_yolo/autos_bw/auto159.png,data_21m/autos_bw/auto159_rep07.png,RMo:789,True,0,[0 0 0 ... 1 1 1],[0 0 0 ... 1 1 1]
159,dataset_yolo/autos_bw/auto159.png,data_21m/autos_bw/auto159_rep08.png,RMo:789,True,0,[0 0 0 ... 1 1 1],[0 0 0 ... 1 1 1]
159,dataset_yolo/autos_bw/auto159.png,data_21m/autos_bw/auto159_rep09.png,RMo:789,True,0,[0 0 0 ... 1 1 1],[0 0 0 ... 1 1 1]
159,dataset_yolo/autos_bw/auto159.png,data_21m/autos_bw/auto159_rep10.png,RMo:789,True,0,[0 0 0 ... 1 1 1],[0 0 0 ... 1 1 1]
159,dataset_yolo/autos_bw/auto159.png,data_21m/autos_bw/auto159_rep11.png,RMo:789,True,0,[0 0 0 ... 1 1 1],[0 0 0 ... 1 1 1]
160,dataset_yolo/autos_bw/auto160.png,data_21m/autos_bw/auto160_rep01.png,LYM517,False,1,[1 1 1 ... 0 1 1],[1 1 1 ... 0 1 1]
160,dataset_yolo/autos_bw/auto160.png,data_21m/autos_bw/auto160_rep02.png,LYM517,True,0,[1 1 1 ... 0 1 1],[1 1 1 ... 0 1 1]
160,dataset_yolo/autos_bw/auto160.png,data_21m/autos_bw/auto160_rep03.png,LYM517,False,1,[1 1 1 ... 0 1 1],[1 1 1 ... 0 1 1]
160,dataset_yolo/autos_bw/auto160.png,data_21m/autos_bw/auto160_rep04.png,LYM517,True,0,[1 1 1 ... 0 1 1],[1 1 1 ... 0 1 1]
161,dataset_yolo/autos_bw/auto161.png,data_21m/autos_bw/auto161_rep01.png,KXT-494,True,0,[0 0 0 ... 1 1 1],[0 0 0 ... 1 1 1]
161,dataset_yolo/autos_bw/auto161.png,data_21m/autos_bw/auto161_rep02.png,KXT-494,True,0,[0 0 0 ... 1 1 1],[0 0 0 ... 1 1 1]
161,dataset_yolo/autos_bw/auto161.png,data_21m/autos_bw/auto161_rep03.png,KXT-494,True,0,[0 0 0 ... 1 1 1],[0 0 0 ... 1 1 1]
161,dataset_yolo/autos_bw/auto161.png,data_21m/autos_bw/auto161_rep04.png,KXT-494,True,0,[0 0 0 ... 1 1 1],[0 0 0 ... 1 1 1]
161,dataset_yolo/autos_bw/auto161.png,data_21m/autos_bw/auto161_rep05.png,KXT-494,True,0,[0 0 0 ... 1 1 1],[0 0 0 ... 1 1 1]
96,dataset_yolo/autos_bw/auto096.png,data_21m/autos_bw/auto096_rep13.png,BZH-407,False,1013,[1 0 0 ... 0 0 0],[0 0 0 ... 0 0 0]
96,dataset_yolo/autos_bw/auto096.png,data_21m/autos_bw/auto096_rep14.png,BZH-407,False,1013,[1 0 0 ... 0 0 0],[0 0 0 ... 0 0 0]
96,dataset_yolo/autos_bw/auto096.png,data_21m/autos_bw/auto096_rep15.png,BZH-407,False,1013,[1 0 0 ... 0 0 0],[0 0 0 ... 0 0 0]
64,dataset_yolo/autos_bw/auto064.png,data_21m/autos_bw/auto064_rep26.png,DDX699,False,779,[1 0 1 ... 0 0 0],[0 0 0 ... 0 0 0]
64,dataset_yolo/autos_bw/auto064.png,data_21m/autos_bw/auto064_rep27.png,DDX699,False,779,[1 0 1 ... 0 0 0],[0 0 0 ... 0 0 0]
162,dataset_yolo/autos_bw/auto162.png,data_21m/autos_bw/auto162_rep01.png,Avg 306,False,4,[0 0 0 ... 0 0 0],[0 0 0 ... 0 0 0]
162,dataset_yolo/autos_bw/auto162.png,data_21m/autos_bw/auto162_rep02.png,Avg 306,False,3,[0 0 0 ... 0 0 0],[0 0 0 ... 0 0 0]
162,dataset_yolo/autos_bw/auto162.png,data_21m/autos_bw/auto162_rep03.png,Avg 306,False,2,[0 0 0 ... 0 0 0],[0 0 0 ... 0 0 0]
162,dataset_yolo/autos_bw/auto162.png,data_21m/autos_bw/auto162_rep04.png,Avg 306,False,3,[0 0 0 ... 0 0 0],[0 0 0 ... 0 0 0]
162,dataset_yolo/autos_bw/auto162.png,data_21m/autos_bw/auto162_rep05.png,Avg 306,False,3,[0 0 0 ... 0 0 0],[0 0 0 ... 0 0 0]
162,dataset_yolo/autos_bw/auto162.png,data_21m/autos_bw/auto162_rep06.png,Avg 306,False,2,[0 0 0 ... 0 0 0],[0 0 0 ... 0 0 0]
162,dataset_yolo/autos_bw/auto162.png,data_21m/autos_bw/auto162_rep07.png,Avg 306,False,3,[0 0 0 ... 0 0 0],[0 0 0 ... 0 0 0]
162,dataset_yolo/autos_bw/auto162.png,data_21m/autos_bw/auto162_rep08.png,Avg 306,False,3,[0 0 0 ... 0 0 0],[0 0 0 ... 0 0 0]
162,dataset_yolo/autos_bw/auto162.png,data_21m/autos_bw/auto162_rep09.png,Avg 306,False,3,[0 0 0 ... 0 0 0],[0 0 0 ... 0 0 0]
162,dataset_yolo/autos_bw/auto162.png,data_21m/autos_bw/auto162_rep10.png,Avg 306,False,3,[0 0 0 ... 0 0 0],[0 0 0 ... 0 0 0]
163,dataset_yolo/autos_bw/auto163.png,data_21m/autos_bw/auto163_rep01.png,DBZ 859,False,2,[0 0 0 ... 0 0 0],[0 0 0 ... 0 0 0]
163,dataset_yolo/autos_bw/auto163.png,data_21m/autos_bw/auto163_rep02.png,DBZ 859,False,2,[0 0 0 ... 0 0 0],[0 0 0 ... 0 0 0]
163,dataset_yolo/autos_bw/auto163.png,data_21m/autos_bw/auto163_rep03.png,DBZ 859,False,1,[0 0 0 ... 0 0 0],[0 0 0 ... 0 0 0]
164,dataset_yolo/autos_bw/auto164.png,data_21m/autos_bw/auto164_rep01.png,FXX:745,True,0,[0 0 0 ... 0 0 0],[0 0 0 ... 0 0 0]
164,dataset_yolo/autos_bw/auto164.png,data_21m/autos_bw/auto164_rep02.png,FXX:745,True,0,[0 0 0 ... 0 0 0],[0 0 0 ... 0 0 0]
164,dataset_yolo/autos_bw/auto164.png,data_21m/autos_bw/auto164_rep03.png,FXX:745,True,0,[0 0 0 ... 0 0 0],[0 0 0 ... 0 0 0]
164,dataset_yolo/autos_bw/auto164.png,data_21m/autos_bw/auto164_rep04.png,FXX:745,True,0,[0 0 0 ... 0 0 0],[0 0 0 ... 0 0 0]
164,dataset_yolo/autos_bw/auto164.png,data_21m/autos_bw/auto164_rep05.png,FXX:745,True,0,[0 0 0 ... 0 0 0],[0 0 0 ... 0 0 0]
164,dataset_yolo/autos_bw/auto164.png,data_21m/autos_bw/auto164_rep06.png,FXX:745,True,0,[0 0 0 ... 0 0 0],[0 0 0 ... 0 0 0]
255,,data_21m/autos_bw/auto255_rep01.png,,False,2000,,[1 1 0 ... 0 0 0]
255,,data_21m/autos_bw/auto255_rep02.png,,False,2000,,[1 1 0 ... 0 0 0]
255,,data_21m/autos_bw/auto255_rep03.png,,False,2000,,[1 1 0 ... 0 0 0]
165,dataset_yolo/autos_bw/auto165.png,data_21m/autos_bw/auto165_rep01.png,URM:716,True,0,[0 0 0 ... 1 1 1],[0 0 0 ... 1 1 1]
165,dataset_yolo/autos_bw/auto165.png,data_21m/autos_bw/auto165_rep02.png,URM:716,True,0,[0 0 0 ... 1 1 1],[0 0 0 ... 1 1 1]
165,dataset_yolo/autos_bw/auto165.png,data_21m/autos_bw/auto165_rep03.png,URM:716,True,0,[0 0 0 ... 1 1 1],[0 0 0 ... 1 1 1]
165,dataset_yolo/autos_bw/auto165.png,data_21m/autos_bw/auto165_rep04.png,URM:716,True,0,[0 0 0 ... 1 1 1],[0 0 0 ... 1 1 1]
165,dataset_yolo/autos_bw/auto165.png,data_21m/autos_bw/auto165_rep05.png,URM:716,True,0,[0 0 0 ... 1 1 1],[0 0 0 ... 1 1 1]
165,dataset_yolo/autos_bw/auto165.png,data_21m/autos_bw/auto165_rep06.png,URM:716,True,0,[0 0 0 ... 1 1 1],[0 0 0 ... 1 1 1]
165,dataset_yolo/autos_bw/auto165.png,data_21m/autos_bw/auto165_rep07.png,URM:716,True,0,[0 0 0 ... 1 1 1],[0 0 0 ... 1 1 1]
165,dataset_yolo/autos_bw/auto165.png,data_21m/autos_bw/auto165_rep08.png,URM:716,True,0,[0 0 0 ... 1 1 1],[0 0 0 ... 1 1 1]
166,dataset_yolo/autos_bw/auto166.png,data_21m/autos_bw/auto166_rep01.png,NIX857,True,0,[1 1 1 ... 0 0 0],[1 1 1 ... 0 0 0]
167,dataset_yolo/autos_bw/auto167.png,data_21m/autos_bw/auto167_rep01.png,DRT-690,True,0,[1 1 1 ... 0 0 0],[1 1 1 ... 0 0 0]
167,dataset_yolo/autos_bw/auto167.png,data_21m/autos_bw/auto167_rep02.png,DRT-690,True,0,[1 1 1 ... 0 0 0],[1 1 1 ... 0 0 0]
167,dataset_yolo/autos_bw/auto167.png,data_21m/autos_bw/auto167_rep03.png,DRT-690,True,0,[1 1 1 ... 0 0 0],[1 1 1 ... 0 0 0]
167,dataset_yolo/autos_bw/auto167.png,data_21m/autos_bw/auto167_rep04.png,DRT-690,True,0,[1 1 1 ... 0 0 0],[1 1 1 ... 0 0 0]
167,dataset_yolo/autos_bw/auto167.png,data_21m/autos_bw/auto167_rep05.png,DRT-690,True,0,[1 1 1 ... 0 0 0],[1 1 1 ... 0 0 0]
167,dataset_yolo/autos_bw/auto167.png,data_21m/autos_bw/auto167_rep06.png,DRT-690,True,0,[1 1 1 ... 0 0 0],[1 1 1 ... 0 0 0]
167,dataset_yolo/autos_bw/auto167.png,data_21m/autos_bw/auto167_rep07.png,DRT-690,True,0,[1 1 1 ... 0 0 0],[1 1 1 ... 0 0 0]
168,dataset_yolo/autos_bw/auto168.png,data_21m/autos_bw/auto168_rep01.png,DMH-407,True,0,[0 0 0 ... 0 0 0],[0 0 0 ... 0 0 0]
168,dataset_yolo/autos_bw/auto168.png,data_21m/autos_bw/auto168_rep02.png,DMH-407,True,0,[0 0 0 ... 0 0 0],[0 0 0 ... 0 0 0]
168,dataset_yolo/autos_bw/auto168.png,data_21m/autos_bw/auto168_rep03.png,DMH-407,True,0,[0 0 0 ... 0 0 0],[0 0 0 ... 0 0 0]
168,dataset_yolo/autos_bw/auto168.png,data_21m/autos_bw/auto168_rep04.png,DMH-407,True,0,[0 0 0 ... 0 0 0],[0 0 0 ... 0 0 0]
168,dataset_yolo/autos_bw/auto168.png,data_21m/autos_bw/auto168_rep05.png,DMH-407,True,0,[0 0 0 ... 0 0 0],[0 0 0 ... 0 0 0]
168,dataset_yolo/autos_bw/auto168.png,data_21m/autos_bw/auto168_rep06.png,DMH-407,True,0,[0 0 0 ... 0 0 0],[0 0 0 ... 0 0 0]
168,dataset_yolo/autos_bw/auto168.png,data_21m/autos_bw/auto168_rep07.png,DMH-407,True,0,[0 0 0 ... 0 0 0],[0 0 0 ... 0 0 0]
168,dataset_yolo/autos_bw/auto168.png,data_21m/autos_bw/auto168_rep08.png,DMH-407,True,0,[0 0 0 ... 0 0 0],[0 0 0 ... 0 0 0]
2,dataset_yolo/autos_bw/auto002.png,data_21m/autos_bw/auto002_rep09.png,MAU.096,False,892,[0 0 0 ... 0 0 0],[1 1 1 ... 0 0 0]
130,dataset_yolo/autos_bw/auto130.png,data_21m/autos_bw/auto130_rep09.png,BYE.999,False,981,[0 0 0 ... 0 0 0],[1 1 1 ... 0 0 0]
130,dataset_yolo/autos_bw/auto130.png,data_21m/autos_bw/auto130_rep10.png,BYE.999,False,981,[0 0 0 ... 0 0 0],[1 1 1 ... 0 0 0]
130,dataset_yolo/autos_bw/auto130.png,data_21m/autos_bw/auto130_rep11.png,BYE.999,False,981,[0 0 0 ... 0 0 0],[1 1 1 ... 0 0 0]
130,dataset_yolo/autos_bw/auto130.png,data_21m/autos_bw/auto130_rep12.png,BYE.999,False,981,[0 0 0 ... 0 0 0],[1 1 1 ... 0 0 0]
162,dataset_yolo/autos_bw/auto162.png,data_21m/autos_bw/auto162_rep11.png,Avg 306,False,643,[0 0 0 ... 0 0 0],[1 1 1 ... 0 0 0]
162,dataset_yolo/autos_bw/auto162.png,data_21m/autos_bw/auto162_rep12.png,Avg 306,False,643,[0 0 0 ... 0 0 0],[1 1 1 ... 0 0 0]
162,dataset_yolo/autos_bw/auto162.png,data_21m/autos_bw/auto162_rep13.png,Avg 306,False,643,[0 0 0 ... 0 0 0],[1 1 1 ... 0 0 0]
162,dataset_yolo/autos_bw/auto162.png,data_21m/autos_bw/auto162_rep14.png,Avg 306,False,642,[0 0 0 ... 0 0 0],[1 1 1 ... 0 0 0]
175,dataset_yolo/autos_bw/auto175.png,data_21m/autos_bw/auto175_rep01.png,Ivk 8827,False,1016,[0 0 0 ... 0 0 0],[1 1 1 ... 1 1 1]
175,dataset_yolo/autos_bw/auto175.png,data_21m/autos_bw/auto175_rep02.png,Ivk 8827,False,1015,[0 0 0 ... 0 0 0],[1 1 1 ... 1 1 1]
43,dataset_yolo/autos_bw/auto043.png,data_21m/autos_bw/auto043_rep06.png,DOT 087-,False,803,[0 0 0 ... 0 0 0],[1 1 1 ... 0 0 0]
171,dataset_yolo/autos_bw/auto171.png,data_21m/autos_bw/auto171_rep01.png,ZIY-197,True,0,[1 1 1 ... 0 0 0],[1 1 1 ... 0 0 0]
171,dataset_yolo/autos_bw/auto171.png,data_21m/autos_bw/auto171_rep02.png,ZIY-197,True,0,[1 1 1 ... 0 0 0],[1 1 1 ... 0 0 0]
171,dataset_yolo/autos_bw/auto171.png,data_21m/autos_bw/auto171_rep03.png,ZIY-197,True,0,[1 1 1 ... 0 0 0],[1 1 1 ... 0 0 0]
171,dataset_yolo/autos_bw/auto171.png,data_21m/autos_bw/auto171_rep04.png,ZIY-197,True,0,[1 1 1 ... 0 0 0],[1 1 1 ... 0 0 0]
171,dataset_yolo/autos_bw/auto171.png,data_21m/autos_bw/auto171_rep05.png,ZIY-197,True,0,[1 1 1 ... 0 0 0],[1 1 1 ... 0 0 0]
171,dataset_yolo/autos_bw/auto171.png,data_21m/autos_bw/auto171_rep06.png,ZIY-197,True,0,[1 1 1 ... 0 0 0],[1 1 1 ... 0 0 0]
171,dataset_yolo/autos_bw/auto171.png,data_21m/autos_bw/auto171_rep07.png,ZIY-197,True,0,[1 1 1 ... 0 0 0],[1 1 1 ... 0 0 0]
175,dataset_yolo/autos_bw/auto175.png,data_21m/autos_bw/auto175_rep03.png,Ivk 8827,False,1015,[0 0 0 ... 0 0 0],[1 1 1 ... 1 1 1]
175,dataset_yolo/autos_bw/auto175.png,data_21m/autos_bw/auto175_rep04.png,Ivk 8827,False,1015,[0 0 0 ... 0 0 0],[1 1 1 ... 1 1 1]
173,dataset_yolo/autos_bw/auto173.png,data_21m/autos_bw/auto173_rep01.png,NI0 257,False,4,[0 0 0 ... 1 1 1],[0 0 0 ... 1 1 1]
173,dataset_yolo/autos_bw/auto173.png,data_21m/autos_bw/auto173_rep02.png,NI0 257,False,3,[0 0 0 ... 1 1 1],[0 0 0 ... 1 1 1]
173,dataset_yolo/autos_bw/auto173.png,data_21m/autos_bw/auto173_rep03.png,NI0 257,False,3,[0 0 0 ... 1 1 1],[0 0 0 ... 1 1 1]
173,dataset_yolo/autos_bw/auto173.png,data_21m/autos_bw/auto173_rep04.png,NI0 257,False,1,[0 0 0 ... 1 1 1],[0 0 0 ... 1 1 1]
173,dataset_yolo/autos_bw/auto173.png,data_21m/autos_bw/auto173_rep05.png,NI0 257,True,0,[0 0 0 ... 1 1 1],[0 0 0 ... 1 1 1]
173,dataset_yolo/autos_bw/auto173.png,data_21m/autos_bw/auto173_rep06.png,NI0 257,False,3,[0 0 0 ... 1 1 1],[0 0 0 ... 1 1 1]
173,dataset_yolo/autos_bw/auto173.png,data_21m/autos_bw/auto173_rep07.png,NI0 257,True,0,[0 0 0 ... 1 1 1],[0 0 0 ... 1 1 1]
173,dataset_yolo/autos_bw/auto173.png,data_21m/autos_bw/auto173_rep08.png,NI0 257,False,3,[0 0 0 ... 1 1 1],[0 0 0 ... 1 1 1]
173,dataset_yolo/autos_bw/auto173.png,data_21m/autos_bw/auto173_rep09.png,NI0 257,False,1,[0 0 0 ... 1 1 1],[0 0 0 ... 1 1 1]
173,dataset_yolo/autos_bw/auto173.png,data_21m/autos_bw/auto173_rep10.png,NI0 257,False,2,[0 0 0 ... 1 1 1],[0 0 0 ... 1 1 1]
46,dataset_yolo/autos_bw/auto046.png,data_21m/autos_bw/auto046_rep04.png,NDT-524,False,966,[0 0 0 ... 0 0 0],[0 0 0 ... 1 1 1]
46,dataset_yolo/autos_bw/auto046.png,data_21m/autos_bw/auto046_rep05.png,NDT-524,False,966,[0 0 0 ... 0 0 0],[0 0 0 ... 1 1 1]
174,dataset_yolo/autos_bw/auto174.png,data_21m/autos_bw/auto174_rep01.png,CXH580,True,0,[0 0 0 ... 1 1 1],[0 0 0 ... 1 1 1]
174,dataset_yolo/autos_bw/auto174.png,data_21m/autos_bw/auto174_rep02.png,CXH580,True,0,[0 0 0 ... 1 1 1],[0 0 0 ... 1 1 1]
174,dataset_yolo/autos_bw/auto174.png,data_21m/autos_bw/auto174_rep03.png,CXH580,True,0,[0 0 0 ... 1 1 1],[0 0 0 ... 1 1 1]
174,dataset_yolo/autos_bw/auto174.png,data_21m/autos_bw/auto174_rep04.png,CXH580,True,0,[0 0 0 ... 1 1 1],[0 0 0 ... 1 1 1]
174,dataset_yolo/autos_bw/auto174.png,data_21m/autos_bw/auto174_rep05.png,CXH580,True,0,[0 0 0 ... 1 1 1],[0 0 0 ... 1 1 1]
174,dataset_yolo/autos_bw/auto174.png,data_21m/autos_bw/auto174_rep06.png,CXH580,True,0,[0 0 0 ... 1 1 1],[0 0 0 ... 1 1 1]
174,dataset_yolo/autos_bw/auto174.png,data_21m/autos_bw/auto174_rep07.png,CXH580,True,0,[0 0 0 ... 1 1 1],[0 0 0 ... 1 1 1]
174,dataset_yolo/autos_bw/auto174.png,data_21m/autos_bw/auto174_rep08.png,CXH580,True,0,[0 0 0 ... 1 1 1],[0 0 0 ... 1 1 1]
176,dataset_yolo/autos_bw/auto176.png,data_21m/autos_bw/auto176_rep01.png,MAX067,True,0,[0 0 0 ... 1 1 0],[0 0 0 ... 1 1 0]
176,dataset_yolo/autos_bw/auto176.png,data_21m/autos_bw/auto176_rep02.png,MAX067,True,0,[0 0 0 ... 1 1 0],[0 0 0 ... 1 1 0]
176,dataset_yolo/autos_bw/auto176.png,data_21m/autos_bw/auto176_rep03.png,MAX067,True,0,[0 0 0 ... 1 1 0],[0 0 0 ... 1 1 0]
176,dataset_yolo/autos_bw/auto176.png,data_21m/autos_bw/auto176_rep04.png,MAX067,True,0,[0 0 0 ... 1 1 0],[0 0 0 ... 1 1 0]
176,dataset_yolo/autos_bw/auto176.png,data_21m/autos_bw/auto176_rep05.png,MAX067,True,0,[0 0 0 ... 1 1 0],[0 0 0 ... 1 1 0]
176,dataset_yolo/autos_bw/auto176.png,data_21m/autos_bw/auto176_rep06.png,MAX067,True,0,[0 0 0 ... 1 1 0],[0 0 0 ... 1 1 0]
176,dataset_yolo/autos_bw/auto176.png,data_21m/autos_bw/auto176_rep07.png,MAX067,True,0,[0 0 0 ... 1 1 0],[0 0 0 ... 1 1 0]
176,dataset_yolo/autos_bw/auto176.png,data_21m/autos_bw/auto176_rep08.png,MAX067,True,0,[0 0 0 ... 1 1 0],[0 0 0 ... 1 1 0]
176,dataset_yolo/autos_bw/auto176.png,data_21m/autos_bw/auto176_rep09.png,MAX067,True,0,[0 0 0 ... 1 1 0],[0 0 0 ... 1 1 0]
177,dataset_yolo/autos_bw/auto177.png,data_21m/autos_bw/auto177_rep01.png,ZIO568,True,0,[1 1 1 ... 0 0 0],[1 1 1 ... 0 0 0]
177,dataset_yolo/autos_bw/auto177.png,data_21m/autos_bw/auto177_rep02.png,ZIO568,True,0,[1 1 1 ... 0 0 0],[1 1 1 ... 0 0 0]
177,dataset_yolo/autos_bw/auto177.png,data_21m/autos_bw/auto177_rep03.png,ZIO568,True,0,[1 1 1 ... 0 0 0],[1 1 1 ... 0 0 0]
177,dataset_yolo/autos_bw/auto177.png,data_21m/autos_bw/auto177_rep04.png,ZIO568,True,0,[1 1 1 ... 0 0 0],[1 1 1 ... 0 0 0]
177,dataset_yolo/autos_bw/auto177.png,data_21m/autos_bw/auto177_rep05.png,ZIO568,True,0,[1 1 1 ... 0 0 0],[1 1 1 ... 0 0 0]
177,dataset_yolo/autos_bw/auto177.png,data_21m/autos_bw/auto177_rep06.png,ZIO568,True,0,[1 1 1 ... 0 0 0],[1 1 1 ... 0 0 0]
177,dataset_yolo/autos_bw/auto177.png,data_21m/autos_bw/auto177_rep07.png,ZIO568,True,0,[1 1 1 ... 0 0 0],[1 1 1 ... 0 0 0]
178,dataset_yolo/autos_bw/auto178.png,data_21m/autos_bw/auto178_rep01.png,CCN 216,True,0,[0 0 0 ... 0 0 0],[0 0 0 ... 0 0 0]
178,dataset_yolo/autos_bw/auto178.png,data_21m/autos_bw/auto178_rep02.png,CCN 216,True,0,[0 0 0 ... 0 0 0],[0 0 0 ... 0 0 0]
178,dataset_yolo/autos_bw/auto178.png,data_21m/autos_bw/auto178_rep03.png,CCN 216,True,0,[0 0 0 ... 0 0 0],[0 0 0 ... 0 0 0]
179,dataset_yolo/autos_bw/auto179.png,data_21m/autos_bw/auto179_rep01.png,GcV:208,True,0,[0 0 0 ... 0 0 0],[0 0 0 ... 0 0 0]
179,dataset_yolo/autos_bw/auto179.png,data_21m/autos_bw/auto179_rep02.png,GcV:208,True,0,[0 0 0 ... 0 0 0],[0 0 0 ... 0 0 0]
179,dataset_yolo/autos_bw/auto179.png,data_21m/autos_bw/auto179_rep03.png,GcV:208,True,0,[0 0 0 ... 0 0 0],[0 0 0 ... 0 0 0]
179,dataset_yolo/autos_bw/auto179.png,data_21m/autos_bw/auto179_rep04.png,GcV:208,True,0,[0 0 0 ... 0 0 0],[0 0 0 ... 0 0 0]
179,dataset_yolo/autos_bw/auto179.png,data_21m/autos_bw/auto179_rep05.png,GcV:208,True,0,[0 0 0 ... 0 0 0],[0 0 0 ... 0 0 0]
179,dataset_yolo/autos_bw/auto179.png,data_21m/autos_bw/auto179_rep06.png,GcV:208,True,0,[0 0 0 ... 0 0 0],[0 0 0 ... 0 0 0]
179,dataset_yolo/autos_bw/auto179.png,data_21m/autos_bw/auto179_rep07.png,GcV:208,True,0,[0 0 0 ... 0 0 0],[0 0 0 ... 0 0 0]
179,dataset_yolo/autos_bw/auto179.png,data_21m/autos_bw/auto179_rep08.png,GcV:208,True,0,[0 0 0 ... 0 0 0],[0 0 0 ... 0 0 0]
179,dataset_yolo/autos_bw/auto179.png,data_21m/autos_bw/auto179_rep09.png,GcV:208,True,0,[0 0 0 ... 0 0 0],[0 0 0 ... 0 0 0]
179,dataset_yolo/autos_bw/auto179.png,data_21m/autos_bw/auto179_rep10.png,GcV:208,True,0,[0 0 0 ... 0 0 0],[0 0 0 ... 0 0 0]
180,dataset_yolo/autos_bw/auto180.png,data_21m/autos_bw/auto180_rep01.png,IGPz 709,True,0,[1 1 1 ... 1 1 1],[1 1 1 ... 1 1 1]
180,dataset_yolo/autos_bw/auto180.png,data_21m/autos_bw/auto180_rep02.png,IGPz 709,True,0,[1 1 1 ... 1 1 1],[1 1 1 ... 1 1 1]
180,dataset_yolo/autos_bw/auto180.png,data_21m/autos_bw/auto180_rep03.png,IGPz 709,True,0,[1 1 1 ... 1 1 1],[1 1 1 ... 1 1 1]
180,dataset_yolo/autos_bw/auto180.png,data_21m/autos_bw/auto180_rep04.png,IGPz 709,True,0,[1 1 1 ... 1 1 1],[1 1 1 ... 1 1 1]
180,dataset_yolo/autos_bw/auto180.png,data_21m/autos_bw/auto180_rep05.png,IGPz 709,True,0,[1 1 1 ... 1 1 1],[1 1 1 ... 1 1 1]
180,dataset_yolo/autos_bw/auto180.png,data_21m/autos_bw/auto180_rep06.png,IGPz 709,True,0,[1 1 1 ... 1 1 1],[1 1 1 ... 1 1 1]
181,dataset_yolo/autos_bw/auto181.png,data_21m/autos_bw/auto181_rep01.png,IGLT 182/,True,0,[1 1 1 ... 0 0 0],[1 1 1 ... 0 0 0]
181,dataset_yolo/autos_bw/auto181.png,data_21m/autos_bw/auto181_rep02.png,IGLT 182/,True,0,[1 1 1 ... 0 0 0],[1 1 1 ... 0 0 0]
181,dataset_yolo/autos_bw/auto181.png,data_21m/autos_bw/auto181_rep03.png,IGLT 182/,True,0,[1 1 1 ... 0 0 0],[1 1 1 ... 0 0 0]
181,dataset_yolo/autos_bw/auto181.png,data_21m/autos_bw/auto181_rep04.png,IGLT 182/,True,0,[1 1 1 ... 0 0 0],[1 1 1 ... 0 0 0]
26,dataset_yolo/autos_bw/auto026.png,data_21m/autos_bw/auto026_rep06.png,ULX9631,False,773,[0 1 1 ... 0 0 0],[0 0 0 ... 0 0 0]
26,dataset_yolo/autos_bw/auto026.png,data_21m/autos_bw/auto026_rep07.png,ULX9631,False,773,[0 1 1 ... 0 0 0],[0 0 0 ... 0 0 0]
26,dataset_yolo/autos_bw/auto026.png,data_21m/autos_bw/auto026_rep08.png,ULX9631,False,773,[0 1 1 ... 0 0 0],[0 0 0 ... 0 0 0]
26,dataset_yolo/autos_bw/auto026.png,data_21m/autos_bw/auto026_rep09.png,ULX9631,False,773,[0 1 1 ... 0 0 0],[0 0 0 ... 0 0 0]
182,dataset_yolo/autos_bw/auto182.png,data_21m/autos_bw/auto182_rep01.png,NIT 129,True,0,[0 0 0 ... 1 1 0],[0 0 0 ... 1 1 0]
182,dataset_yolo/autos_bw/auto182.png,data_21m/autos_bw/auto182_rep02.png,NIT 129,True,0,[0 0 0 ... 1 1 0],[0 0 0 ... 1 1 0]
182,dataset_yolo/autos_bw/auto182.png,data_21m/autos_bw/auto182_rep03.png,NIT 129,True,0,[0 0 0 ... 1 1 0],[0 0 0 ... 1 1 0]
182,dataset_yolo/autos_bw/auto182.png,data_21m/autos_bw/auto182_rep04.png,NIT 129,True,0,[0 0 0 ... 1 1 0],[0 0 0 ... 1 1 0]
182,dataset_yolo/autos_bw/auto182.png,data_21m/autos_bw/auto182_rep05.png,NIT 129,True,0,[0 0 0 ... 1 1 0],[0 0 0 ... 1 1 0]
182,dataset_yolo/autos_bw/auto182.png,data_21m/autos_bw/auto182_rep06.png,NIT 129,True,0,[0 0 0 ... 1 1 0],[0 0 0 ... 1 1 0]
182,dataset_yolo/autos_bw/auto182.png,data_21m/autos_bw/auto182_rep07.png,NIT 129,True,0,[0 0 0 ... 1 1 0],[0 0 0 ... 1 1 0]
182,dataset_yolo/autos_bw/auto182.png,data_21m/autos_bw/auto182_rep08.png,NIT 129,True,0,[0 0 0 ... 1 1 0],[0 0 0 ... 1 1 0]
